submission_id,student_id,assignment_id,attempt_no,submitted_at,due_at,status
cbca2439-5fa7-4a69-b4d5-57515f2ca8df,S001,HW1,1,2026-01-28T04:52:51Z,2026-01-30T23:59:00Z,on_time
9d1f65ce-3975-41de-ba09-5b4220598737,S001,HW1,2,2026-01-31T16:10:31Z,2026-01-30T23:59:00Z,late
40e9d319-b3eb-4cfd-ac10-fdfed8fc6cd2,S001,HW2,1,2026-02-19T23:36:01Z,2026-02-17T23:59:00Z,late
25cdec6d-db06-49a4-9b54-eeb00d4c831a,S001,HW2,2,2026-02-19T23:26:13Z,2026-02-17T23:59:00Z,late
4824baf4-8c28-40a9-af4c-f6204e14235c,S001,HW3,1,2026-03-08T11:29:09Z,2026-03-07T23:59:00Z,late
d1784036-60ed-46c7-ac5e-c254e0a5b160,S001,HW3,2,2026-03-08T12:55:06Z,2026-03-07T23:59:00Z,late
cc3307c8-b173-48c6-8422-792ac91a7f7a,S001,HW4,1,2026-03-26T17:46:38Z,2026-03-25T23:59:00Z,late
66a69508-156a-4da7-b127-811981543b21,S001,HW5,1,2026-04-10T07:31:26Z,2026-04-12T23:59:00Z,on_time
91e7b295-685f-45f0-b4a6-7d23fa513c90,S002,HW1,1,2026-01-29T17:12:36Z,2026-01-30T23:59:00Z,on_time
29838992-7ce8-455e-9542-795e32d0877b,S002,HW2,1,2026-02-16T09:21:27Z,2026-02-17T23:59:00Z,on_time
76797019-13d6-4b87-a7d8-1460fcc1e05d,S002,HW3,1,2026-03-06T09:54:03Z,2026-03-07T23:59:00Z,on_time
a15047c8-aa98-41e0-9a05-94fb6ae2f337,S002,HW4,1,2026-03-25T04:21:20Z,2026-03-25T23:59:00Z,on_time
bb66df52-8097-4959-9702-3d166f285663,S002,HW4,2,2026-03-24T01:17:01Z,2026-03-25T23:59:00Z,on_time
8e50c64a-1cf3-4f71-ab23-59e3fc8b6156,S002,HW5,1,2026-04-10T01:33:46Z,2026-04-12T23:59:00Z,on_time
7678dd3d-f10d-4b9a-985b-2ebeb680b320,S003,HW1,1,2026-01-29T22:24:21Z,2026-01-30T23:59:00Z,on_time
c58b0004-5f02-410e-88af-9e203d10896f,S003,HW1,2,2026-01-30T06:25:03Z,2026-01-30T23:59:00Z,on_time
06a15da9-4b84-45e8-ad96-ef740ddea3ac,S003,HW2,1,2026-02-16T11:19:10Z,2026-02-17T23:59:00Z,on_time
19a5423b-ccc6-4b22-9cbb-13de97318417,S003,HW2,2,2026-02-17T02:47:00Z,2026-02-17T23:59:00Z,on_time
5d9683c2-abd0-4a7b-a120-b56b30610c90,S003,HW3,1,2026-03-07T01:07:37Z,2026-03-07T23:59:00Z,on_time
21e6de6f-a4a7-4cde-975c-62aabd37137e,S003,HW3,2,2026-03-05T16:03:28Z,2026-03-07T23:59:00Z,on_time
643e1309-6467-4402-b70f-0d97345cf1e0,S003,HW4,1,2026-03-24T06:36:48Z,2026-03-25T23:59:00Z,on_time
d910d216-9dfc-4eda-aa19-e55c8d68f0d3,S003,HW4,2,2026-03-25T09:04:45Z,2026-03-25T23:59:00Z,on_time
7ea8cdbf-b4d2-423f-b092-5216965b8d1e,S003,HW5,1,2026-04-12T21:49:17Z,2026-04-12T23:59:00Z,on_time
8d07ab33-b09c-49ac-b48d-590e3c985c59,S004,HW1,1,2026-01-31T01:38:44Z,2026-01-30T23:59:00Z,late
3e7ba2b5-a0aa-4b1c-b31b-8f56d029b5a4,S004,HW2,1,2026-02-18T12:22:51Z,2026-02-17T23:59:00Z,late
df306b3c-e61b-4151-b721-9353302e14da,S004,HW2,2,2026-02-17T19:12:02Z,2026-02-17T23:59:00Z,on_time
7b9cb737-9590-4485-949d-846057006721,S004,HW3,1,2026-03-08T09:45:37Z,2026-03-07T23:59:00Z,late
a02d1557-b53a-4ab2-9ff7-1dc4d2657e94,S004,HW4,1,2026-03-24T14:02:01Z,2026-03-25T23:59:00Z,on_time
bc480cd1-f93f-4615-bd79-3b9c3e67645b,S004,HW5,1,2026-04-14T06:33:15Z,2026-04-12T23:59:00Z,late
1c7b6278-5c76-4059-a4e7-12095dfa262e,S005,HW1,1,2026-01-30T16:51:18Z,2026-01-30T23:59:00Z,on_time
8e68aa12-e0bf-4bad-b7f0-9b706749b632,S005,HW2,1,2026-02-15T20:19:19Z,2026-02-17T23:59:00Z,on_time
2fbca0a0-6d51-4169-87c0-df35ecdbbdc7,S005,HW3,1,2026-03-06T22:46:46Z,2026-03-07T23:59:00Z,on_time
58acb481-0693-4660-b801-5c8557edc1e6,S005,HW4,1,2026-03-23T19:50:49Z,2026-03-25T23:59:00Z,on_time
2aad084e-b7b6-4449-bce4-95c1a5af1f65,S005,HW4,2,2026-03-24T05:00:37Z,2026-03-25T23:59:00Z,on_time
ae425b2f-d191-4e87-a91b-b243af0302dd,S005,HW4,3,2026-03-25T22:27:39Z,2026-03-25T23:59:00Z,on_time
893ec6e2-e354-4245-8fdb-b22b51b86d6b,S005,HW5,1,2026-04-11T23:36:53Z,2026-04-12T23:59:00Z,on_time
96f4ac59-e247-4559-a1f2-219f5b150fc4,S005,HW5,2,2026-04-10T09:23:42Z,2026-04-12T23:59:00Z,on_time
6aba7a93-2ef8-4e90-9140-a3c0b4a27b4e,S006,HW1,1,2026-01-28T16:38:00Z,2026-01-30T23:59:00Z,on_time
dcfbe403-6f83-4411-9905-9b2a2218ff59,S006,HW1,2,2026-01-29T12:03:50Z,2026-01-30T23:59:00Z,on_time
c85c768f-fad5-45f7-b5f4-08c9a7d100ad,S006,HW2,1,2026-02-15T08:05:40Z,2026-02-17T23:59:00Z,on_time
75e5e2ff-a3c0-4242-8689-d38b6be117e3,S006,HW3,1,2026-03-07T06:49:59Z,2026-03-07T23:59:00Z,on_time
cfcd883a-36e8-4603-a906-ac3ec3b1d19d,S006,HW3,2,2026-03-07T07:39:39Z,2026-03-07T23:59:00Z,on_time
898f39ee-d234-4130-97ca-77e7043c7743,S006,HW4,1,2026-03-25T01:38:25Z,2026-03-25T23:59:00Z,on_time
40b11452-fc61-4a55-983c-ba4f62a3520c,S006,HW4,2,2026-03-23T14:32:10Z,2026-03-25T23:59:00Z,on_time
bf1b6521-5725-40ba-b9b3-4268a941300e,S006,HW5,1,2026-04-10T04:03:06Z,2026-04-12T23:59:00Z,on_time
169daad0-f4da-43b1-8318-ff150481c152,S006,HW5,2,2026-04-11T17:00:35Z,2026-04-12T23:59:00Z,on_time
31d0cf19-a5da-4a52-a334-debb34bf6d3c,S007,HW1,1,2026-01-30T05:26:22Z,2026-01-30T23:59:00Z,on_time
e7bf497d-df7b-47be-be16-24d7f6c49ff3,S007,HW1,2,2026-01-29T00:43:49Z,2026-01-30T23:59:00Z,on_time
acbda8c2-e111-4863-b835-4b5a6d475e11,S007,HW2,1,2026-02-17T07:38:29Z,2026-02-17T23:59:00Z,on_time
34ea3902-b241-4603-8337-75b1261ddb78,S007,HW3,1,2026-03-05T14:54:31Z,2026-03-07T23:59:00Z,on_time
4bff8896-8fa1-4980-b460-348dbbe25674,S007,HW3,2,2026-03-06T09:42:31Z,2026-03-07T23:59:00Z,on_time
263473d7-ae78-46f6-88a3-381f6d253be4,S007,HW4,1,2026-03-25T16:21:37Z,2026-03-25T23:59:00Z,on_time
4b9c73c6-d582-457d-8b4a-657986357563,S007,HW5,1,2026-04-11T06:15:07Z,2026-04-12T23:59:00Z,on_time
728924b6-9e55-4866-9a3f-12591bfb2f29,S007,HW5,2,2026-04-11T02:12:20Z,2026-04-12T23:59:00Z,on_time
ef28db00-84fd-4a4d-aa84-8d98d2e8dd54,S007,HW5,3,2026-04-10T15:52:00Z,2026-04-12T23:59:00Z,on_time
e51dfb85-6fb4-4e48-9b2e-43343437c91c,S008,HW1,1,2026-01-31T23:29:59Z,2026-01-30T23:59:00Z,late
516f7194-bae3-4144-9fd9-c509f4288704,S008,HW1,2,2026-02-01T10:34:53Z,2026-01-30T23:59:00Z,late
72fd4b56-2c1a-4fd4-a27f-ae3e9747387b,S008,HW2,1,2026-02-19T09:29:49Z,2026-02-17T23:59:00Z,late
0c29e2ec-8531-4521-a190-90cd255bc42e,S008,HW3,1,2026-03-09T20:56:00Z,2026-03-07T23:59:00Z,late
539ac9da-bd2d-4e85-8d3d-e83f2bc7dffd,S008,HW4,1,2026-03-26T16:28:42Z,2026-03-25T23:59:00Z,late
98333a20-65d8-4d0a-b4d2-f9a897c6a53a,S008,HW4,2,2026-03-25T07:27:13Z,2026-03-25T23:59:00Z,on_time
17c383d0-073c-4692-a235-8503c0783c3a,S008,HW4,3,2026-03-27T18:41:02Z,2026-03-25T23:59:00Z,late
2edbdae8-437d-41dc-bae1-29fec51315df,S008,HW5,1,2026-04-11T14:23:44Z,2026-04-12T23:59:00Z,on_time
bfb6df99-06e9-4cc3-9f6e-22630bbf634e,S009,HW1,1,2026-01-30T17:30:30Z,2026-01-30T23:59:00Z,on_time
d63da466-ca28-47b6-95a0-7b73ff6caee3,S009,HW2,1,2026-02-17T03:57:54Z,2026-02-17T23:59:00Z,on_time
dfe3d41a-bbcb-47e5-9edd-f5cecaa20287,S009,HW3,1,2026-03-05T14:09:08Z,2026-03-07T23:59:00Z,on_time
0dc8f111-f62e-4cef-b6b7-3eb48dcdd9f8,S009,HW3,2,2026-03-05T08:16:01Z,2026-03-07T23:59:00Z,on_time
b9b36c1c-b335-4e0f-81b0-2bb01e90e46a,S009,HW3,3,2026-03-05T13:56:44Z,2026-03-07T23:59:00Z,on_time
952e2f5b-03a3-4a8f-8f8b-448208a2b065,S009,HW4,1,2026-03-25T12:32:36Z,2026-03-25T23:59:00Z,on_time
12372961-49d0-429a-879e-0cf32a894be7,S009,HW5,1,2026-04-12T13:38:37Z,2026-04-12T23:59:00Z,on_time
6a2e10ff-82a8-4f07-b49e-78d0b75fb60d,S009,HW5,2,2026-04-12T13:20:54Z,2026-04-12T23:59:00Z,on_time
f26f1e5b-4484-414b-839c-5e23553b5c8f,S009,HW5,3,2026-04-11T23:27:12Z,2026-04-12T23:59:00Z,on_time
6f43c8a6-7f74-4bdd-9414-dbbabc8ba81a,S010,HW1,1,2026-01-28T19:59:54Z,2026-01-30T23:59:00Z,on_time
fa89805b-8e1a-478d-b972-662936abd7ba,S010,HW1,2,2026-01-29T08:48:43Z,2026-01-30T23:59:00Z,on_time
9d6909c2-86a2-4c0a-8e88-ffbb2b3f1665,S010,HW2,1,2026-02-17T17:43:56Z,2026-02-17T23:59:00Z,on_time
0e24d441-0dbb-4766-9b37-4ccf8acddfba,S010,HW3,1,2026-03-06T17:28:50Z,2026-03-07T23:59:00Z,on_time
acb4516c-7a60-470a-914d-786f3bc0f129,S010,HW4,1,2026-03-25T06:59:32Z,2026-03-25T23:59:00Z,on_time
39f850cc-a0fa-4dfe-a86a-7c9c53ea2282,S010,HW5,1,2026-04-10T03:03:22Z,2026-04-12T23:59:00Z,on_time
e733e30f-f75e-4943-a186-88d92b32b5bf,S010,HW5,2,2026-04-11T21:08:32Z,2026-04-12T23:59:00Z,on_time
afcd2f90-be15-4dac-8fc0-03e8038d4280,S010,HW5,3,2026-04-12T10:16:20Z,2026-04-12T23:59:00Z,on_time
36bd0192-afb0-40bf-b2ec-f32dcaaac1a3,S011,HW1,1,2026-01-30T07:12:43Z,2026-01-30T23:59:00Z,on_time
ea354b19-f730-46f0-8943-49300b91a6b4,S011,HW2,1,2026-02-17T03:46:18Z,2026-02-17T23:59:00Z,on_time
e7f14560-65e5-4b99-830d-0a53c98733c4,S011,HW2,2,2026-02-16T00:21:59Z,2026-02-17T23:59:00Z,on_time
d1562177-fa75-476b-b8ea-87021608109a,S011,HW3,1,2026-03-05T03:19:19Z,2026-03-07T23:59:00Z,on_time
2f0958b7-446f-43d3-9243-4d39ba3cdc02,S011,HW3,2,2026-03-05T13:17:13Z,2026-03-07T23:59:00Z,on_time
683d625b-c686-4e97-b039-47218e3ef7fc,S011,HW4,1,2026-03-25T00:53:08Z,2026-03-25T23:59:00Z,on_time
84ff7bcd-bc97-4bb0-b18a-5bbfe37adc2c,S011,HW5,1,2026-04-10T08:15:58Z,2026-04-12T23:59:00Z,on_time
70209092-bbff-4256-bbf0-b8cc82e61052,S011,HW5,2,2026-04-11T04:42:21Z,2026-04-12T23:59:00Z,on_time
026f0334-f32c-468c-9f1a-d0dcbfb53ffe,S012,HW1,1,2026-01-30T00:19:01Z,2026-01-30T23:59:00Z,on_time
8039edf9-f8f8-4853-95bc-86a088bb913f,S012,HW1,2,2026-01-29T20:10:44Z,2026-01-30T23:59:00Z,on_time
f16fec61-bfe8-43bb-851a-406c821c25e2,S012,HW1,3,2026-01-28T00:23:02Z,2026-01-30T23:59:00Z,on_time
aed3456b-4659-4701-9774-ba94cd7121f3,S012,HW2,1,2026-02-16T23:40:30Z,2026-02-17T23:59:00Z,on_time
9ebebfaa-3f6b-4466-b04f-eb5cb23f2de4,S012,HW3,1,2026-03-06T06:29:37Z,2026-03-07T23:59:00Z,on_time
c41d6d83-ef5f-4589-b5ef-bf543321008b,S012,HW4,1,2026-03-23T12:22:08Z,2026-03-25T23:59:00Z,on_time
a4f6657b-dbcc-4a02-bc12-98c0b496c047,S012,HW5,1,2026-04-12T08:31:31Z,2026-04-12T23:59:00Z,on_time
b4e141d1-e3f9-461e-b670-ede5d36e7924,S012,HW5,2,2026-04-10T19:38:01Z,2026-04-12T23:59:00Z,on_time
64cec46f-5ea1-445f-8644-71c318f6f427,S013,HW1,1,2026-01-28T02:04:18Z,2026-01-30T23:59:00Z,on_time
ebf28fbd-d20b-4c9a-b819-b4cf7f3ed0e6,S013,HW2,1,2026-02-15T23:26:02Z,2026-02-17T23:59:00Z,on_time
54613a06-2a95-4206-be66-f2d384a3c071,S013,HW3,1,2026-03-06T09:12:59Z,2026-03-07T23:59:00Z,on_time
2a34da54-98d9-45bb-aa31-d2786b2e54a8,S013,HW4,1,2026-03-24T02:29:06Z,2026-03-25T23:59:00Z,on_time
b3a60505-46c7-4641-be67-8ffae202b0d0,S013,HW4,2,2026-03-24T17:12:56Z,2026-03-25T23:59:00Z,on_time
466e2233-b843-4bf6-8b20-3727d3e86bdc,S013,HW5,1,2026-04-10T00:55:49Z,2026-04-12T23:59:00Z,on_time
40509b0a-5892-4147-b536-61de81bdb628,S014,HW1,1,2026-01-31T03:46:24Z,2026-01-30T23:59:00Z,late
e6c25773-3f19-4f82-a688-f8701b60e0b9,S014,HW2,1,2026-02-16T23:35:02Z,2026-02-17T23:59:00Z,on_time
b9db2ad9-87e2-47ce-a21f-38c7f7485a9e,S014,HW3,1,2026-03-09T02:01:10Z,2026-03-07T23:59:00Z,late
1b810f8e-7005-4d6e-9663-957a0ac5d4de,S014,HW4,1,2026-03-27T11:19:42Z,2026-03-25T23:59:00Z,late
da0d05bb-f968-422f-9f0b-a345cb20ffe4,S014,HW5,1,2026-04-12T12:55:37Z,2026-04-12T23:59:00Z,on_time
b9e17218-da0f-4c42-9bc4-e4837f1b0f68,S015,HW1,1,2026-01-29T20:40:12Z,2026-01-30T23:59:00Z,on_time
3cdebdd6-ae49-41c2-a28b-f8665b643933,S015,HW2,1,2026-02-16T18:23:51Z,2026-02-17T23:59:00Z,on_time
7aa45832-228f-4ba6-a149-ee8c836824f6,S015,HW3,1,2026-03-05T04:59:15Z,2026-03-07T23:59:00Z,on_time
b07e9d67-1c6c-4334-bf63-1e0edda449fc,S015,HW3,2,2026-03-07T05:08:08Z,2026-03-07T23:59:00Z,on_time
a57c5238-5190-4214-b711-bd4d38cc1634,S015,HW3,3,2026-03-06T02:31:30Z,2026-03-07T23:59:00Z,on_time
4893b36c-72b3-4109-a12d-5f08dfe96419,S015,HW4,1,2026-03-23T17:32:06Z,2026-03-25T23:59:00Z,on_time
d877ee46-fa23-41ef-a98b-638e038a6e3c,S015,HW5,1,2026-04-11T07:47:39Z,2026-04-12T23:59:00Z,on_time
8bf605ff-f54b-4ee8-b28f-8116ea3e779b,S016,HW1,1,2026-01-28T08:06:26Z,2026-01-30T23:59:00Z,on_time
6798f68f-a181-4554-87f6-a769ebf063a7,S016,HW2,1,2026-02-15T05:02:31Z,2026-02-17T23:59:00Z,on_time
35ce84e0-98ad-40d0-af50-4062d16ba59c,S016,HW2,2,2026-02-15T17:02:36Z,2026-02-17T23:59:00Z,on_time
1cd8eead-b405-4d70-a7c8-1cdc4f790b10,S016,HW3,1,2026-03-06T20:02:33Z,2026-03-07T23:59:00Z,on_time
1754419a-74f6-4113-8fdb-4b8501248032,S016,HW3,2,2026-03-05T21:01:20Z,2026-03-07T23:59:00Z,on_time
6f0bac1c-d25a-4941-8512-6e70b6f119aa,S016,HW4,1,2026-03-25T22:23:55Z,2026-03-25T23:59:00Z,on_time
965915c2-f75d-4065-83cd-9dad677f0666,S016,HW4,2,2026-03-25T10:30:02Z,2026-03-25T23:59:00Z,on_time
223f8b1e-f241-477d-95a9-d81aaa08eee9,S016,HW4,3,2026-03-24T23:13:14Z,2026-03-25T23:59:00Z,on_time
fe4a8a1f-769a-4f62-9201-9a2308592d80,S016,HW5,1,2026-04-11T00:37:21Z,2026-04-12T23:59:00Z,on_time
096b4867-6933-4da2-8980-36c8c0127723,S017,HW1,1,2026-01-30T07:12:04Z,2026-01-30T23:59:00Z,on_time
b37e4a2e-8e4d-4d41-a030-1c6cec3e7be8,S017,HW2,1,2026-02-16T22:37:51Z,2026-02-17T23:59:00Z,on_time
ee2a7fa9-f0d7-49ba-9b52-34cdf08b1239,S017,HW2,2,2026-02-16T13:07:26Z,2026-02-17T23:59:00Z,on_time
0c5ff687-988b-4d63-b38e-0e9507132a42,S017,HW2,3,2026-02-17T00:50:49Z,2026-02-17T23:59:00Z,on_time
d0af78b4-52bb-41d0-a6f2-a24c03bd831d,S017,HW3,1,2026-03-06T21:57:17Z,2026-03-07T23:59:00Z,on_time
fc88cb49-88db-4925-a6d1-a14efa04ea32,S017,HW4,1,2026-03-25T18:41:58Z,2026-03-25T23:59:00Z,on_time
b806f37d-9455-4cbe-9a8c-78e17fb94946,S017,HW4,2,2026-03-27T11:31:17Z,2026-03-25T23:59:00Z,late
d7c66452-34eb-4467-a883-1db34f369e7a,S017,HW5,1,2026-04-11T15:49:52Z,2026-04-12T23:59:00Z,on_time
d16ac620-d7dc-496f-be30-bcfa4ee585a6,S018,HW1,1,2026-01-30T20:31:05Z,2026-01-30T23:59:00Z,on_time
ad843ad8-e2e1-4ca3-b082-8ec86139a1b0,S018,HW2,1,2026-02-17T08:52:38Z,2026-02-17T23:59:00Z,on_time
f8820714-4459-4a77-8a19-f558a061c2d0,S018,HW3,1,2026-03-05T18:25:10Z,2026-03-07T23:59:00Z,on_time
767ff149-0846-4c31-a804-679209c3e6ba,S018,HW4,1,2026-03-24T04:39:32Z,2026-03-25T23:59:00Z,on_time
e5684b8e-0f2b-475c-b1a8-72f05e6d1fee,S018,HW5,1,2026-04-11T00:26:11Z,2026-04-12T23:59:00Z,on_time
3c113caf-3afb-4c2c-996f-fa53010ae4bd,S018,HW5,2,2026-04-12T13:01:43Z,2026-04-12T23:59:00Z,on_time
dd5e72ed-0c86-4a6f-a614-a1c5f9fa5acd,S018,HW5,3,2026-04-12T14:41:44Z,2026-04-12T23:59:00Z,on_time
0005ce9a-e269-4801-afd6-48d99a1e7d8c,S019,HW1,1,2026-01-29T00:47:53Z,2026-01-30T23:59:00Z,on_time
46a266e2-f565-42a1-9641-cc517dc02f89,S019,HW2,1,2026-02-16T14:01:21Z,2026-02-17T23:59:00Z,on_time
7e88dc5a-b4d9-455f-ab64-28e7acf4028d,S019,HW2,2,2026-02-16T18:08:16Z,2026-02-17T23:59:00Z,on_time
4a5a5b83-4ea6-4f60-8613-87558acaa92c,S019,HW3,1,2026-03-05T15:53:39Z,2026-03-07T23:59:00Z,on_time
d32aaefe-437d-481f-99fa-bf5b2b654847,S019,HW4,1,2026-03-23T02:00:02Z,2026-03-25T23:59:00Z,on_time
77355ba6-cd95-4f43-9cf0-2673fee32c8c,S019,HW5,1,2026-04-10T23:20:14Z,2026-04-12T23:59:00Z,on_time
506b0e87-77ff-48d7-ac14-dbf84354cb8f,S019,HW5,2,2026-04-11T13:58:57Z,2026-04-12T23:59:00Z,on_time
ec9a5b17-69d2-4e34-b363-492da55c1105,S019,HW5,3,2026-04-11T18:34:51Z,2026-04-12T23:59:00Z,on_time
8b666254-9804-45c5-a75f-c97eda87edaa,S020,HW1,1,2026-01-28T09:51:21Z,2026-01-30T23:59:00Z,on_time
ccc2814a-2045-4dbd-93c0-b3c09e92d8b5,S020,HW1,2,2026-01-30T15:00:26Z,2026-01-30T23:59:00Z,on_time
42ef9462-af35-4334-857c-bfd9b2b81858,S020,HW2,1,2026-02-15T04:20:46Z,2026-02-17T23:59:00Z,on_time
0da09e95-1b93-4b37-9aa5-5232198eaa9f,S020,HW3,1,2026-03-06T01:29:01Z,2026-03-07T23:59:00Z,on_time
038f58a7-ceca-48af-a78c-16fa015374cc,S020,HW4,1,2026-03-23T15:48:11Z,2026-03-25T23:59:00Z,on_time
cb4d8bec-4b30-437d-8b48-822e54ec54ef,S020,HW4,2,2026-03-24T01:51:43Z,2026-03-25T23:59:00Z,on_time
3adbc850-e5d8-497f-a1b7-41da07e99842,S020,HW5,1,2026-04-11T06:17:12Z,2026-04-12T23:59:00Z,on_time
8a72933f-a4b4-4ac5-9a60-da2e595dc8ba,S021,HW1,1,2026-01-28T23:21:41Z,2026-01-30T23:59:00Z,on_time
245335ff-7e0b-4c9e-9f84-01d967164d75,S021,HW2,1,2026-02-17T15:37:40Z,2026-02-17T23:59:00Z,on_time
29b0bdd7-6343-4853-8019-fa4f6636aeb9,S021,HW2,2,2026-02-15T03:16:17Z,2026-02-17T23:59:00Z,on_time
89d9fdfb-c2d8-4f11-bbdf-87534a62241c,S021,HW3,1,2026-03-05T21:27:38Z,2026-03-07T23:59:00Z,on_time
daf61fad-fbe3-439a-b4e4-d769be67305b,S021,HW4,1,2026-03-23T07:37:16Z,2026-03-25T23:59:00Z,on_time
917af1ef-7476-4559-bf17-e1df1a9ba2ac,S021,HW5,1,2026-04-11T05:47:57Z,2026-04-12T23:59:00Z,on_time
15c8bf85-f907-401e-b981-8aa021d5b798,S021,HW5,2,2026-04-12T00:39:11Z,2026-04-12T23:59:00Z,on_time
24d9ae82-cea9-4d12-b80b-a40ca8850bd1,S022,HW1,1,2026-01-30T16:02:39Z,2026-01-30T23:59:00Z,on_time
c1ecdab4-2b05-4ad2-808b-829d075e92ed,S022,HW1,2,2026-01-29T10:30:12Z,2026-01-30T23:59:00Z,on_time
19383a55-c9b0-469c-9370-274589403832,S022,HW1,3,2026-01-29T21:55:00Z,2026-01-30T23:59:00Z,on_time
d9ea1ce7-c06c-42a8-b3af-ce1fa8645c3b,S022,HW2,1,2026-02-16T05:15:17Z,2026-02-17T23:59:00Z,on_time
5e3c7362-c393-41aa-b7d0-600e4050a23a,S022,HW2,2,2026-02-16T22:49:50Z,2026-02-17T23:59:00Z,on_time
acdd00ac-39ca-4e66-9795-ade52e9a7ded,S022,HW3,1,2026-03-05T20:31:19Z,2026-03-07T23:59:00Z,on_time
a2609998-cfaa-4458-aa71-81c291ec3539,S022,HW3,2,2026-03-07T14:45:45Z,2026-03-07T23:59:00Z,on_time
4a8edd58-22d4-483a-ac7f-2ed004ac7c55,S022,HW4,1,2026-03-24T06:28:03Z,2026-03-25T23:59:00Z,on_time
14ee1fbb-acf9-4874-9bb6-8c110ea8438d,S022,HW5,1,2026-04-11T20:38:29Z,2026-04-12T23:59:00Z,on_time
38f53e8a-1d22-46ee-af5a-c048c2489b26,S023,HW1,1,2026-01-29T16:01:58Z,2026-01-30T23:59:00Z,on_time
98ea3aa9-65e9-4f92-b524-41620a05d701,S023,HW2,1,2026-02-17T20:29:20Z,2026-02-17T23:59:00Z,on_time
1800ca31-3c84-4e2e-88fb-aaf33dd9ea81,S023,HW3,1,2026-03-06T22:32:08Z,2026-03-07T23:59:00Z,on_time
706ad40a-ed12-483f-97f3-4ba278fcc29d,S023,HW4,1,2026-03-23T13:47:18Z,2026-03-25T23:59:00Z,on_time
cf2070f9-4fd9-4ca4-99f9-375cac2ce207,S023,HW5,1,2026-04-11T13:59:07Z,2026-04-12T23:59:00Z,on_time
2bbacea7-202f-455f-8c86-41c41e415a3a,S024,HW1,1,2026-01-30T10:45:56Z,2026-01-30T23:59:00Z,on_time
b1d9093b-0dc9-4fe2-9fee-31fd85fcb2a0,S024,HW1,2,2026-02-01T13:26:01Z,2026-01-30T23:59:00Z,late
ad2d9bea-5af2-47f2-b037-a40b2d24375d,S024,HW1,3,2026-02-01T20:40:22Z,2026-01-30T23:59:00Z,late
2d7baee4-3511-4230-b4fc-b9a467969b15,S024,HW2,1,2026-02-16T11:28:40Z,2026-02-17T23:59:00Z,on_time
e8bd63a8-99ac-41ce-a78b-9c7d6f02aff9,S024,HW2,2,2026-02-18T01:17:32Z,2026-02-17T23:59:00Z,late
95ae0cbd-a592-4706-8751-354e75fea9c1,S024,HW3,1,2026-03-06T04:04:05Z,2026-03-07T23:59:00Z,on_time
05b45770-3e4a-43dc-a5de-2b5235324d41,S024,HW4,1,2026-03-23T11:03:37Z,2026-03-25T23:59:00Z,on_time
8d3e915c-83d1-4529-803f-6aea5c64f97b,S024,HW5,1,2026-04-13T21:11:33Z,2026-04-12T23:59:00Z,late
4d67a7b3-8cc8-443d-ba5e-1a45a3e67bd9,S025,HW1,1,2026-01-28T22:11:59Z,2026-01-30T23:59:00Z,on_time
d99ca350-1e77-4c4b-bd41-765005b62932,S025,HW2,1,2026-02-16T05:47:55Z,2026-02-17T23:59:00Z,on_time
e9d733eb-50f8-4678-9207-0b691dce399b,S025,HW3,1,2026-03-05T10:36:36Z,2026-03-07T23:59:00Z,on_time
6bc6a5bd-5a40-4c56-932e-1fdb8cd1cf2c,S025,HW4,1,2026-03-24T22:45:24Z,2026-03-25T23:59:00Z,on_time
b0e5bb4f-0062-45f2-bc24-df0b210922de,S025,HW4,2,2026-03-23T11:37:05Z,2026-03-25T23:59:00Z,on_time
09c4245b-001f-4033-a7f3-331471512964,S025,HW5,1,2026-04-12T21:36:19Z,2026-04-12T23:59:00Z,on_time
de9a5169-b9d2-4451-9e1d-2fe965751fe9,S025,HW5,2,2026-04-10T04:19:08Z,2026-04-12T23:59:00Z,on_time
8269bfbf-b153-4b3c-877e-0e9150cdaa65,S025,HW5,3,2026-04-12T21:26:25Z,2026-04-12T23:59:00Z,on_time
5437f540-1603-47e6-84b0-771e25bd0aff,S026,HW1,1,2026-01-29T02:03:47Z,2026-01-30T23:59:00Z,on_time
38503401-e287-42c8-9aec-9735b6c0c58f,S026,HW1,2,2026-01-29T05:25:35Z,2026-01-30T23:59:00Z,on_time
4f0c4be3-7745-4384-bd2b-96972b91df54,S026,HW2,1,2026-02-17T23:06:51Z,2026-02-17T23:59:00Z,on_time
a80fd4f7-cf57-4069-8237-695f0c9868dc,S026,HW2,2,2026-02-15T05:29:06Z,2026-02-17T23:59:00Z,on_time
cb75e546-128b-4ddc-bc66-ee9b8c575000,S026,HW3,1,2026-03-05T12:59:46Z,2026-03-07T23:59:00Z,on_time
97307691-453d-488f-9f54-92dd1de353ed,S026,HW3,2,2026-03-06T00:17:03Z,2026-03-07T23:59:00Z,on_time
155bc3f5-f3bd-4958-829d-e30939fe0bc5,S026,HW4,1,2026-03-24T10:35:07Z,2026-03-25T23:59:00Z,on_time
dd84a417-ce96-4adf-8682-eed8452ed248,S026,HW4,2,2026-03-23T11:37:11Z,2026-03-25T23:59:00Z,on_time
fcc388ca-4712-4c88-b57b-556c47190f03,S026,HW5,1,2026-04-10T17:25:31Z,2026-04-12T23:59:00Z,on_time
fdc29344-1046-43d9-af38-7ce13f155ca2,S027,HW1,1,2026-01-28T22:06:20Z,2026-01-30T23:59:00Z,on_time
6083f77c-5c88-439f-8d61-e173d5024af6,S027,HW2,1,2026-02-17T08:56:59Z,2026-02-17T23:59:00Z,on_time
97644541-92ac-4348-b427-669febf4705d,S027,HW2,2,2026-02-16T01:44:59Z,2026-02-17T23:59:00Z,on_time
bbe193a0-afd5-4a54-9f06-fc96c4bb6f4a,S027,HW2,3,2026-02-16T21:57:23Z,2026-02-17T23:59:00Z,on_time
177a479e-2edc-458e-8acc-bfe60a797b15,S027,HW3,1,2026-03-06T16:30:45Z,2026-03-07T23:59:00Z,on_time
32a46dda-656a-4593-9607-be78551a8e3d,S027,HW3,2,2026-03-06T05:43:48Z,2026-03-07T23:59:00Z,on_time
9d8bc4a2-1bed-4aa2-b55f-a42b5ce41cb8,S027,HW4,1,2026-03-23T03:41:43Z,2026-03-25T23:59:00Z,on_time
c1a06bc8-7f06-450f-8f3e-035379b99c3f,S027,HW4,2,2026-03-25T06:09:05Z,2026-03-25T23:59:00Z,on_time
e4eb15c4-4dda-4207-89d2-3adf7dc735b8,S027,HW4,3,2026-03-24T00:08:52Z,2026-03-25T23:59:00Z,on_time
a5845698-dd7c-4804-af18-d0b560fc728e,S027,HW5,1,2026-04-11T12:11:31Z,2026-04-12T23:59:00Z,on_time
1f54c00b-7392-4c57-8cb7-8d1827ef97b1,S027,HW5,2,2026-04-10T04:27:30Z,2026-04-12T23:59:00Z,on_time
49796772-e3cb-4aaf-93ee-c99ef3fee34f,S028,HW1,1,2026-01-30T18:03:22Z,2026-01-30T23:59:00Z,on_time
6c558c55-044c-4862-bd56-beacf8b5e333,S028,HW2,1,2026-02-15T23:08:05Z,2026-02-17T23:59:00Z,on_time
778b5964-e617-4177-97bd-29d0174ce8ef,S028,HW2,2,2026-02-16T19:08:28Z,2026-02-17T23:59:00Z,on_time
3f416aa9-9b76-4eba-a700-eb05ebec52fd,S028,HW3,1,2026-03-06T00:17:53Z,2026-03-07T23:59:00Z,on_time
efc9f198-6ef0-4401-8488-7bde1c0a6492,S028,HW4,1,2026-03-24T12:34:33Z,2026-03-25T23:59:00Z,on_time
34272354-6fc1-4de6-af6d-7a018570c361,S028,HW4,2,2026-03-25T04:20:06Z,2026-03-25T23:59:00Z,on_time
7a6fd809-c89a-4047-8a62-35b97e12c8b4,S028,HW5,1,2026-04-12T21:07:16Z,2026-04-12T23:59:00Z,on_time
d2712683-bc67-48f3-af75-bff806ced8c1,S028,HW5,2,2026-04-11T04:47:14Z,2026-04-12T23:59:00Z,on_time
5b395c09-5190-43a5-8eeb-bfae1259de81,S029,HW1,1,2026-01-28T07:59:16Z,2026-01-30T23:59:00Z,on_time
1b7db194-0cec-4988-be48-5e07c325202f,S029,HW2,1,2026-02-16T22:42:45Z,2026-02-17T23:59:00Z,on_time
de7a02e8-29b2-46d1-9b9f-c42f5e76b35a,S029,HW2,2,2026-02-15T14:11:44Z,2026-02-17T23:59:00Z,on_time
e32cf507-9afc-4df2-b16b-c98c2276afc3,S029,HW3,1,2026-03-05T23:40:14Z,2026-03-07T23:59:00Z,on_time
7a617025-dcbd-4191-8f86-70e40e33defd,S029,HW3,2,2026-03-05T12:02:50Z,2026-03-07T23:59:00Z,on_time
4b0282ec-2783-4686-8b0d-dca3c0bb07f5,S029,HW3,3,2026-03-07T07:47:04Z,2026-03-07T23:59:00Z,on_time
aea9daf2-fc7c-40e1-a266-a7367d8fe0e0,S029,HW4,1,2026-03-23T03:06:49Z,2026-03-25T23:59:00Z,on_time
75afb81c-1269-4ade-b41b-b70b06274359,S029,HW5,1,2026-04-10T09:07:17Z,2026-04-12T23:59:00Z,on_time
d48139e4-478c-49f2-8e51-88e73941a544,S029,HW5,2,2026-04-10T19:18:23Z,2026-04-12T23:59:00Z,on_time
d3c36e21-5299-4d4c-b87d-22d85aca4601,S030,HW1,1,2026-01-30T15:53:47Z,2026-01-30T23:59:00Z,on_time
a52b869c-21c7-4858-93d2-5f8c7e91bea7,S030,HW2,1,2026-02-16T15:48:07Z,2026-02-17T23:59:00Z,on_time
f4cf030a-2596-49dd-8b5f-a69e36cf9919,S030,HW2,2,2026-02-17T22:40:40Z,2026-02-17T23:59:00Z,on_time
2a9bef08-83c9-4333-bdca-cf5f2aac5309,S030,HW2,3,2026-02-16T22:03:32Z,2026-02-17T23:59:00Z,on_time
a2f48f36-d767-431d-afa7-347b59db83e5,S030,HW3,1,2026-03-07T23:47:28Z,2026-03-07T23:59:00Z,on_time
57b6eebb-5db5-4bb1-8e0b-b13b74167241,S030,HW4,1,2026-03-25T11:56:53Z,2026-03-25T23:59:00Z,on_time
dc83430d-67d6-4e62-95b9-bff813947221,S030,HW5,1,2026-04-12T04:00:21Z,2026-04-12T23:59:00Z,on_time
767b5116-5839-48ac-a0b7-d26808f3583f,S031,HW1,1,2026-01-29T06:55:13Z,2026-01-30T23:59:00Z,on_time
14f7786c-3676-4421-afe0-4c4b84902b77,S031,HW2,1,2026-02-15T19:35:26Z,2026-02-17T23:59:00Z,on_time
36f48862-97a6-4b61-8929-b5ea32128abd,S031,HW2,2,2026-02-17T21:17:45Z,2026-02-17T23:59:00Z,on_time
5da3b8ed-cbdd-48da-878b-8312ba21da14,S031,HW3,1,2026-03-05T22:48:47Z,2026-03-07T23:59:00Z,on_time
79dd7988-58af-49a4-97ff-56934fc94f32,S031,HW4,1,2026-03-23T14:41:18Z,2026-03-25T23:59:00Z,on_time
506d59da-66fe-42bb-97d5-065e29814171,S031,HW4,2,2026-03-23T05:02:25Z,2026-03-25T23:59:00Z,on_time
3996dda8-a964-4c11-8b54-c6a4f954194c,S031,HW4,3,2026-03-24T16:16:41Z,2026-03-25T23:59:00Z,on_time
3afc8186-6e6c-4e2f-b228-c1461f4d5970,S031,HW5,1,2026-04-10T11:34:28Z,2026-04-12T23:59:00Z,on_time
98213fd1-9079-4716-a615-812439992069,S032,HW1,1,2026-01-29T01:11:32Z,2026-01-30T23:59:00Z,on_time
af2ca7c6-9b78-4f73-b0b1-275988c3991c,S032,HW2,1,2026-02-16T14:38:08Z,2026-02-17T23:59:00Z,on_time
3eee8e40-e003-4147-bdaf-2d69142706e1,S032,HW3,1,2026-03-07T06:44:04Z,2026-03-07T23:59:00Z,on_time
d5fdc02d-7c67-4db1-81c8-6fdb7ca78b91,S032,HW3,2,2026-03-07T04:39:57Z,2026-03-07T23:59:00Z,on_time
fefdad07-3ea7-4428-b6b7-3a4b211adf0e,S032,HW4,1,2026-03-23T21:35:25Z,2026-03-25T23:59:00Z,on_time
f8ed35e1-8a66-4264-8dd9-546161b5978f,S032,HW4,2,2026-03-24T04:02:27Z,2026-03-25T23:59:00Z,on_time
491270cc-1a83-4168-a0a7-437c994af383,S032,HW5,1,2026-04-10T05:32:04Z,2026-04-12T23:59:00Z,on_time
aee59964-0c13-49ee-8e1b-811050511cca,S033,HW1,1,2026-01-29T19:59:12Z,2026-01-30T23:59:00Z,on_time
fad8f8d9-764b-4302-bd34-d0f668fd784c,S033,HW1,2,2026-01-28T04:53:02Z,2026-01-30T23:59:00Z,on_time
39b91fe1-eefd-409f-9de4-55c8cbcbe725,S033,HW1,3,2026-01-29T14:31:28Z,2026-01-30T23:59:00Z,on_time
e7b84167-8b0a-4307-ad1e-34299579de43,S033,HW2,1,2026-02-15T10:44:31Z,2026-02-17T23:59:00Z,on_time
6a2c7dae-fdf5-480d-b9e2-648095823e53,S033,HW2,2,2026-02-15T04:47:15Z,2026-02-17T23:59:00Z,on_time
a61ba6e7-f7c6-4617-a879-33594cec1a31,S033,HW3,1,2026-03-05T14:39:02Z,2026-03-07T23:59:00Z,on_time
b216b008-de64-4db5-8249-2ca554a5c60e,S033,HW3,2,2026-03-07T17:47:06Z,2026-03-07T23:59:00Z,on_time
8ef70ddb-5119-4ee5-9826-d2fe6365f02b,S033,HW3,3,2026-03-06T08:35:11Z,2026-03-07T23:59:00Z,on_time
f7c9fc82-d201-4714-bf93-d0aa55b562ca,S033,HW4,1,2026-03-23T05:05:42Z,2026-03-25T23:59:00Z,on_time
1ec21965-3107-4f89-acc2-415b34302473,S033,HW4,2,2026-03-23T12:11:46Z,2026-03-25T23:59:00Z,on_time
6fe6cfec-5f65-43f0-84a0-1495bf8fa898,S033,HW5,1,2026-04-11T03:29:15Z,2026-04-12T23:59:00Z,on_time
66c94047-60b0-495b-873a-028a48f680e7,S034,HW1,1,2026-01-30T23:13:38Z,2026-01-30T23:59:00Z,on_time
0bfea431-ecf0-4e6e-9f56-017906b0e19a,S034,HW2,1,2026-02-16T10:04:32Z,2026-02-17T23:59:00Z,on_time
1bc0f667-0874-42fb-8cd6-09f1d3f8d05a,S034,HW3,1,2026-03-06T20:59:13Z,2026-03-07T23:59:00Z,on_time
58c92db3-415a-415b-ba32-28350c480281,S034,HW4,1,2026-03-25T10:41:06Z,2026-03-25T23:59:00Z,on_time
80485c3b-8a9a-4f7a-b2f2-b017e75862ad,S034,HW5,1,2026-04-10T09:23:31Z,2026-04-12T23:59:00Z,on_time
bd04def0-5726-4bd9-af8e-1f427f538e6d,S034,HW5,2,2026-04-11T03:57:49Z,2026-04-12T23:59:00Z,on_time
440fc429-99d1-4d4b-a409-5d83aec75bbb,S034,HW5,3,2026-04-11T09:30:48Z,2026-04-12T23:59:00Z,on_time
4a1c09c5-8db3-4a10-b2f9-39b847b946c0,S035,HW1,1,2026-01-31T06:40:28Z,2026-01-30T23:59:00Z,late
987d68cc-8d60-4b4f-a5ed-43a834d28371,S035,HW1,2,2026-01-30T01:21:14Z,2026-01-30T23:59:00Z,on_time
e9847135-7b4a-4c83-a63e-926cdd51aec5,S035,HW2,1,2026-02-18T13:19:08Z,2026-02-17T23:59:00Z,late
c65ec4b5-579b-4b2f-a0c5-f3908efced01,S035,HW2,2,2026-02-19T08:50:47Z,2026-02-17T23:59:00Z,late
6e578862-61ea-4cbc-92c0-67c6d528cb55,S035,HW3,1,2026-03-08T12:57:30Z,2026-03-07T23:59:00Z,late
6c8740ff-72dd-4e8c-a1f4-d44ddc3cb1a0,S035,HW3,2,2026-03-08T11:20:00Z,2026-03-07T23:59:00Z,late
aa752f4f-e75d-4b66-b162-359412932d75,S035,HW4,1,2026-03-23T01:40:12Z,2026-03-25T23:59:00Z,on_time
06271c07-66f9-44d8-beb0-44ebc344e6bc,S035,HW5,1,2026-04-12T08:17:39Z,2026-04-12T23:59:00Z,on_time
3ce5af51-f969-4e2c-a769-7d23f0e3a613,S036,HW1,1,2026-01-28T12:14:34Z,2026-01-30T23:59:00Z,on_time
6802becb-911e-40ea-ad0b-0b97b34860f2,S036,HW1,2,2026-01-30T09:09:14Z,2026-01-30T23:59:00Z,on_time
695e4507-4e3f-4a26-97cb-69a402e49a5d,S036,HW2,1,2026-02-17T18:10:33Z,2026-02-17T23:59:00Z,on_time
92bc9558-4905-468a-8f2b-4c40b07677c5,S036,HW3,1,2026-03-05T04:01:45Z,2026-03-07T23:59:00Z,on_time
632c9fa4-2638-4f57-89e5-ad2f29607a06,S036,HW3,2,2026-03-07T02:53:51Z,2026-03-07T23:59:00Z,on_time
b0606692-b81d-4717-bf97-759dbc7d046f,S036,HW4,1,2026-03-24T09:30:55Z,2026-03-25T23:59:00Z,on_time
033e2e52-4d19-4077-95cc-9ab25ce48835,S036,HW5,1,2026-04-12T22:37:52Z,2026-04-12T23:59:00Z,on_time
707ca4fc-2544-4810-b5f0-1f6e2bcff216,S037,HW1,1,2026-01-28T17:12:44Z,2026-01-30T23:59:00Z,on_time
347a2a22-0aa1-4d38-ab7c-b79912dba653,S037,HW2,1,2026-02-16T00:43:13Z,2026-02-17T23:59:00Z,on_time
e6ac32dd-6bdb-451c-8fb4-2bf3a81a087b,S037,HW2,2,2026-02-16T15:09:28Z,2026-02-17T23:59:00Z,on_time
6181d856-9e3b-483f-a72e-3ecfa7419db7,S037,HW2,3,2026-02-16T18:50:49Z,2026-02-17T23:59:00Z,on_time
d85c81e7-1aa1-45db-89e3-148ab6eef7ea,S037,HW3,1,2026-03-05T07:31:44Z,2026-03-07T23:59:00Z,on_time
9d99c90c-8ba6-4030-94a2-3d40d9830c62,S037,HW4,1,2026-03-23T18:48:17Z,2026-03-25T23:59:00Z,on_time
51303b3a-5fc3-41af-a1ac-27ff7f0c0315,S037,HW5,1,2026-04-12T03:38:13Z,2026-04-12T23:59:00Z,on_time
cf76d860-0e8c-4f54-aa9c-e8fe49f7c7a9,S038,HW1,1,2026-01-30T08:15:42Z,2026-01-30T23:59:00Z,on_time
61bcff92-933a-4cf2-aebf-e8a8df53d476,S038,HW2,1,2026-02-17T06:52:23Z,2026-02-17T23:59:00Z,on_time
2af5811a-bda9-4c0e-9cbf-f9c479a3e095,S038,HW2,2,2026-02-15T09:34:21Z,2026-02-17T23:59:00Z,on_time
6c5553ce-7939-4dc6-b254-2a6af1000082,S038,HW3,1,2026-03-05T13:22:49Z,2026-03-07T23:59:00Z,on_time
bd89b4f3-5dac-4c48-9738-fb0cacadf1dc,S038,HW4,1,2026-03-25T23:50:18Z,2026-03-25T23:59:00Z,on_time
353156c8-3a5e-4dbf-b65b-3d4c8da15bf0,S038,HW4,2,2026-03-25T18:23:53Z,2026-03-25T23:59:00Z,on_time
3477d045-a07f-4478-bf4f-01b043fab3df,S038,HW5,1,2026-04-10T06:40:08Z,2026-04-12T23:59:00Z,on_time
ab202d50-07ac-4927-a119-3d289e4d412f,S038,HW5,2,2026-04-10T18:26:38Z,2026-04-12T23:59:00Z,on_time
d1681b35-12e8-42f8-9680-f7ef82f73d67,S039,HW1,1,2026-01-28T22:51:09Z,2026-01-30T23:59:00Z,on_time
604a0bd9-2581-460b-9d81-e27ac9540ae0,S039,HW1,2,2026-01-30T18:26:57Z,2026-01-30T23:59:00Z,on_time
807e384c-e102-4dae-a707-8e8673626acb,S039,HW2,1,2026-02-17T02:38:50Z,2026-02-17T23:59:00Z,on_time
78214ece-06dd-4d0f-966f-93ec4d78e8d3,S039,HW3,1,2026-03-07T15:46:21Z,2026-03-07T23:59:00Z,on_time
e7308746-21ad-4201-aa7d-45894a5acdfe,S039,HW4,1,2026-03-23T07:52:37Z,2026-03-25T23:59:00Z,on_time
c35f9f72-ce8a-4e5f-a81b-056f265c44b0,S039,HW5,1,2026-04-12T09:45:26Z,2026-04-12T23:59:00Z,on_time
09343cf7-a607-4b72-8469-aacdcffdac3f,S040,HW1,1,2026-01-29T22:52:34Z,2026-01-30T23:59:00Z,on_time
d6d48a31-4f67-4c1a-b28e-a888a315a54a,S040,HW2,1,2026-02-15T06:47:57Z,2026-02-17T23:59:00Z,on_time
3ff7f9d8-e10e-4b3a-b656-1285f0fc7ca0,S040,HW3,1,2026-03-05T15:27:13Z,2026-03-07T23:59:00Z,on_time
0680bee7-ff79-457b-aa9c-6e52c42fe2b9,S040,HW4,1,2026-03-24T00:59:48Z,2026-03-25T23:59:00Z,on_time
cd1cb01a-759b-4bd7-a220-9a8746b50eea,S040,HW5,1,2026-04-11T01:20:52Z,2026-04-12T23:59:00Z,on_time
942664cc-c6aa-470d-9d5f-78efb567ffa6,S041,HW1,1,2026-01-30T09:19:11Z,2026-01-30T23:59:00Z,on_time
704ecbbc-e792-438f-9a4f-5c8986c342f2,S041,HW2,1,2026-02-17T20:20:51Z,2026-02-17T23:59:00Z,on_time
35eaed30-8135-4794-9214-5b5a5f451347,S041,HW3,1,2026-03-05T00:20:46Z,2026-03-07T23:59:00Z,on_time
90a1862c-272d-4499-b3a2-5d353aa998c1,S041,HW4,1,2026-03-23T02:23:16Z,2026-03-25T23:59:00Z,on_time
c72280b3-fcde-4475-b93e-7976805a28da,S041,HW4,2,2026-03-24T11:55:07Z,2026-03-25T23:59:00Z,on_time
54bef91e-6044-4187-bb9a-9530ce316251,S041,HW5,1,2026-04-12T20:06:16Z,2026-04-12T23:59:00Z,on_time
50f7d192-018c-431f-bc08-adc8cf02c607,S041,HW5,2,2026-04-10T20:11:47Z,2026-04-12T23:59:00Z,on_time
65223842-798e-4e6d-b335-7f40ec591b0f,S042,HW1,1,2026-01-30T03:30:19Z,2026-01-30T23:59:00Z,on_time
d0a90ae2-4d27-4c89-b9bc-2dc0917cab49,S042,HW2,1,2026-02-16T06:51:57Z,2026-02-17T23:59:00Z,on_time
8e41d067-a4f5-4245-ae25-a372812f30df,S042,HW3,1,2026-03-07T10:12:43Z,2026-03-07T23:59:00Z,on_time
57ee33a3-51d4-4980-8316-1fdaeafce9c4,S042,HW4,1,2026-03-25T02:11:00Z,2026-03-25T23:59:00Z,on_time
8b55d57e-9adf-4a54-8bac-84b2adcb0123,S042,HW5,1,2026-04-12T02:50:11Z,2026-04-12T23:59:00Z,on_time
f27f1d2f-14e2-41ea-99ea-6c07b9e8d337,S042,HW5,2,2026-04-12T22:15:04Z,2026-04-12T23:59:00Z,on_time
222891ce-eb84-441d-9b31-9e3b77105ffe,S043,HW1,1,2026-01-30T02:34:44Z,2026-01-30T23:59:00Z,on_time
d1d0a1d1-434a-45f7-baef-b878331519a9,S043,HW2,1,2026-02-17T12:54:22Z,2026-02-17T23:59:00Z,on_time
76d84230-79fa-49c5-b5be-7668218f0ae7,S043,HW2,2,2026-02-16T10:46:01Z,2026-02-17T23:59:00Z,on_time
86a8c612-bae8-4bce-8113-3596ade56df7,S043,HW3,1,2026-03-06T18:35:39Z,2026-03-07T23:59:00Z,on_time
e53f0036-f7f2-45db-9c26-5c9bccc5ac54,S043,HW4,1,2026-03-24T16:06:39Z,2026-03-25T23:59:00Z,on_time
3405a87d-bf6e-4c6d-9589-b2d23b924ab0,S043,HW5,1,2026-04-12T04:17:35Z,2026-04-12T23:59:00Z,on_time
8fa24a91-5906-48a5-85a5-4c8975260ad7,S044,HW1,1,2026-01-30T02:06:33Z,2026-01-30T23:59:00Z,on_time
8024b5ea-52ed-4a32-b888-61703c4cc500,S044,HW1,2,2026-01-29T13:29:00Z,2026-01-30T23:59:00Z,on_time
818305f0-8e2b-49a6-b824-6cd291713f52,S044,HW2,1,2026-02-15T10:12:09Z,2026-02-17T23:59:00Z,on_time
42fceb6a-df0d-4c13-9713-2be7c99ca444,S044,HW3,1,2026-03-07T08:21:42Z,2026-03-07T23:59:00Z,on_time
9ecb29f9-206c-40aa-8deb-12c6843dcb37,S044,HW4,1,2026-03-23T21:54:29Z,2026-03-25T23:59:00Z,on_time
784b5b26-a7d2-4c82-8ff7-57f70ff1a600,S044,HW5,1,2026-04-12T14:14:16Z,2026-04-12T23:59:00Z,on_time
05d6f7c0-f0f1-4845-9a5c-c27f8ab2cec5,S045,HW1,1,2026-01-29T20:49:09Z,2026-01-30T23:59:00Z,on_time
232207e8-bd31-430e-827e-d88b2e032038,S045,HW1,2,2026-01-30T08:39:57Z,2026-01-30T23:59:00Z,on_time
514b2278-5df4-40c7-8de6-3f33431ab4ff,S045,HW1,3,2026-01-30T09:07:47Z,2026-01-30T23:59:00Z,on_time
8695e4a8-6fee-4a51-9d60-335bd2e48559,S045,HW2,1,2026-02-16T19:22:37Z,2026-02-17T23:59:00Z,on_time
0e2db4d5-64a8-4b2e-b0d1-03a650dc5fc1,S045,HW3,1,2026-03-06T17:31:03Z,2026-03-07T23:59:00Z,on_time
cf7235dc-9807-4022-81dd-a790fb2a3844,S045,HW4,1,2026-03-24T11:37:32Z,2026-03-25T23:59:00Z,on_time
e90b303b-226b-45e3-a370-b03d28d7844a,S045,HW5,1,2026-04-11T14:47:09Z,2026-04-12T23:59:00Z,on_time
d67e5bc5-5a66-4fa6-822c-b4ff92c699df,S046,HW1,1,2026-01-28T16:07:29Z,2026-01-30T23:59:00Z,on_time
b6447469-d630-4001-b3d3-493e1a923152,S046,HW2,1,2026-02-17T17:00:52Z,2026-02-17T23:59:00Z,on_time
391e87a6-b49c-4390-80e6-69e0045afbd4,S046,HW2,2,2026-02-17T02:16:00Z,2026-02-17T23:59:00Z,on_time
0827c701-945d-403a-82dd-d6afcbecdbeb,S046,HW3,1,2026-03-05T10:03:40Z,2026-03-07T23:59:00Z,on_time
22463b0e-451d-4279-8f34-a3a99006f2ba,S046,HW3,2,2026-03-07T09:31:24Z,2026-03-07T23:59:00Z,on_time
9dba4a06-7dc0-4c41-aa7e-4ddb5deef3ea,S046,HW3,3,2026-03-05T20:18:47Z,2026-03-07T23:59:00Z,on_time
5c4a4022-4bce-4e91-9e40-dcd733ff8bee,S046,HW4,1,2026-03-24T08:14:35Z,2026-03-25T23:59:00Z,on_time
0d2ecdc3-fd43-4181-a060-12d267c79374,S046,HW5,1,2026-04-10T15:15:34Z,2026-04-12T23:59:00Z,on_time
bdf4931f-22e2-4069-ab63-cf8d7a3f8d8d,S047,HW1,1,2026-01-29T23:21:29Z,2026-01-30T23:59:00Z,on_time
a621aea2-8119-4724-9940-9d6345e2de3c,S047,HW2,1,2026-02-17T18:59:10Z,2026-02-17T23:59:00Z,on_time
4357e83f-68b2-42d2-b1ca-679ea1a89566,S047,HW2,2,2026-02-17T13:17:56Z,2026-02-17T23:59:00Z,on_time
8f0e401e-9689-4263-ab80-6770b6b88a3d,S047,HW3,1,2026-03-06T15:05:41Z,2026-03-07T23:59:00Z,on_time
4b013018-4e8c-439d-926b-6e3fedbef2af,S047,HW3,2,2026-03-06T02:48:23Z,2026-03-07T23:59:00Z,on_time
9bcc4de8-e8ec-4e26-9de4-82fd4baa6369,S047,HW4,1,2026-03-25T00:51:13Z,2026-03-25T23:59:00Z,on_time
23e588c8-b9b4-42d9-97aa-bb5c227fdeaa,S047,HW4,2,2026-03-24T09:07:25Z,2026-03-25T23:59:00Z,on_time
41005351-053c-4071-9bd1-0ef635372e4a,S047,HW5,1,2026-04-11T01:11:48Z,2026-04-12T23:59:00Z,on_time
bfe0434e-0492-4c0f-aa81-3c8925c49817,S048,HW1,1,2026-01-28T08:44:50Z,2026-01-30T23:59:00Z,on_time
488f8e6b-eb44-4d10-96ca-fecdd380a15d,S048,HW2,1,2026-02-15T21:57:47Z,2026-02-17T23:59:00Z,on_time
3ad4866a-099b-4334-b5f6-6f005e1d02f4,S048,HW2,2,2026-02-16T10:19:47Z,2026-02-17T23:59:00Z,on_time
1d5aae71-e6c3-42a2-872e-4f3b981d4ad4,S048,HW3,1,2026-03-06T10:41:05Z,2026-03-07T23:59:00Z,on_time
b94a0053-5f73-4973-8931-592c4ca5d0af,S048,HW3,2,2026-03-07T03:26:13Z,2026-03-07T23:59:00Z,on_time
0c379ce4-29c6-4160-9fa1-0e052df32e41,S048,HW4,1,2026-03-25T14:33:03Z,2026-03-25T23:59:00Z,on_time
d659d28d-e80a-47f5-bb22-590c04ed70c1,S048,HW5,1,2026-04-10T14:26:41Z,2026-04-12T23:59:00Z,on_time
658af036-1e13-4a6a-adf6-67329af72305,S048,HW5,2,2026-04-12T05:45:20Z,2026-04-12T23:59:00Z,on_time
f98e8ecb-6abb-4f34-9b98-c81d016d5cbc,S048,HW5,3,2026-04-12T22:54:52Z,2026-04-12T23:59:00Z,on_time
a1a4c791-99f0-4219-b9cd-6b15af8f1079,S049,HW1,1,2026-01-28T09:17:04Z,2026-01-30T23:59:00Z,on_time
4089e9d2-250d-43cb-a643-c0b5a8f7c405,S049,HW2,1,2026-02-17T10:43:38Z,2026-02-17T23:59:00Z,on_time
07b592ed-352d-4e94-b32a-80a5c9396d74,S049,HW2,2,2026-02-16T17:11:55Z,2026-02-17T23:59:00Z,on_time
1cb660ae-97a0-47fd-9921-0915a89a1521,S049,HW3,1,2026-03-06T07:01:43Z,2026-03-07T23:59:00Z,on_time
bb7aa413-261d-4c25-960a-45510df6e60e,S049,HW4,1,2026-03-24T23:50:41Z,2026-03-25T23:59:00Z,on_time
f91c2718-3683-49af-8142-7a048c6a674f,S049,HW5,1,2026-04-12T14:42:56Z,2026-04-12T23:59:00Z,on_time
a04830a6-88f7-4b99-bfbd-2fd3a6917a47,S050,HW1,1,2026-01-30T23:14:30Z,2026-01-30T23:59:00Z,on_time
4eda4d4b-df96-418d-bde3-466d6e19ca81,S050,HW2,1,2026-02-16T08:58:54Z,2026-02-17T23:59:00Z,on_time
82fd05f4-45a4-450e-9aa2-55778a5f5666,S050,HW3,1,2026-03-06T15:42:45Z,2026-03-07T23:59:00Z,on_time
724847b5-bacb-4fe1-ba0e-e71519fbdff8,S050,HW3,2,2026-03-06T01:15:03Z,2026-03-07T23:59:00Z,on_time
6a47e3da-4c1d-4c97-8ea5-485d72a9b73a,S050,HW4,1,2026-03-25T15:15:19Z,2026-03-25T23:59:00Z,on_time
6059ea2d-cf08-409c-a879-364d0036533f,S050,HW5,1,2026-04-12T22:44:06Z,2026-04-12T23:59:00Z,on_time
4d25e2c9-7c92-4126-8360-2f67f6877b09,S051,HW1,1,2026-01-29T19:55:34Z,2026-01-30T23:59:00Z,on_time
bd8f483c-2850-44a9-966f-f5f6f21c17e4,S051,HW1,2,2026-01-28T17:52:11Z,2026-01-30T23:59:00Z,on_time
ae6a2025-44f0-448c-be7a-87a65c360b3d,S051,HW2,1,2026-02-17T02:54:04Z,2026-02-17T23:59:00Z,on_time
60e03419-6c10-47fd-8a0a-d1375eff7916,S051,HW3,1,2026-03-06T03:12:25Z,2026-03-07T23:59:00Z,on_time
c45aeb1a-4e45-49fe-81ee-ad64493e84a9,S051,HW4,1,2026-03-24T00:34:24Z,2026-03-25T23:59:00Z,on_time
6405bbbf-f89f-4626-b3b9-d3d1dc3de77d,S051,HW4,2,2026-03-25T03:02:11Z,2026-03-25T23:59:00Z,on_time
e99cef23-5d2d-47d9-9c17-3cb9ce0527e9,S051,HW4,3,2026-03-24T12:39:56Z,2026-03-25T23:59:00Z,on_time
e68c6b59-3092-49ac-946f-1ca9fef8d7da,S051,HW5,1,2026-04-10T20:07:14Z,2026-04-12T23:59:00Z,on_time
02414e2e-5e1d-4bcd-bc61-82d69263395c,S052,HW1,1,2026-01-28T03:08:32Z,2026-01-30T23:59:00Z,on_time
9843b4fc-f1b9-4a57-b4bd-a290c65080bc,S052,HW1,2,2026-01-30T02:02:05Z,2026-01-30T23:59:00Z,on_time
2cd39483-7c83-4ffe-b4c4-cac166d0cf60,S052,HW2,1,2026-02-15T22:14:47Z,2026-02-17T23:59:00Z,on_time
183dd5e9-8b5d-4519-a632-4f7200c00454,S052,HW3,1,2026-03-05T17:53:23Z,2026-03-07T23:59:00Z,on_time
26859a1d-6a91-4de0-9ba8-63cebce67d76,S052,HW4,1,2026-03-24T16:32:17Z,2026-03-25T23:59:00Z,on_time
8215df48-9d44-48c9-9af1-3c921d6f62c8,S052,HW4,2,2026-03-23T01:21:02Z,2026-03-25T23:59:00Z,on_time
606363b8-52a9-4e0f-a3bb-d36c8a793f5c,S052,HW5,1,2026-04-12T11:40:45Z,2026-04-12T23:59:00Z,on_time
45cca561-7c93-4f43-9bee-36b5b33ac2ce,S053,HW1,1,2026-01-28T23:51:51Z,2026-01-30T23:59:00Z,on_time
e9cced59-c83e-4c73-ae48-5c7fab4b4c11,S053,HW1,2,2026-02-01T05:46:29Z,2026-01-30T23:59:00Z,late
bc55484c-e314-456e-931f-e17f6d17bec1,S053,HW2,1,2026-02-15T14:06:52Z,2026-02-17T23:59:00Z,on_time
9f9597e3-34ed-4557-9711-a32a7639feb0,S053,HW3,1,2026-03-05T06:34:20Z,2026-03-07T23:59:00Z,on_time
4127d927-4ef3-4e73-9f9a-3dec44da51c3,S053,HW4,1,2026-03-27T04:01:09Z,2026-03-25T23:59:00Z,late
efc82d0d-121b-4295-a97f-bcd51ea40d67,S053,HW5,1,2026-04-13T13:47:08Z,2026-04-12T23:59:00Z,late
3342c0ab-19b9-4f8d-80dc-b1c16bcbd172,S054,HW1,1,2026-01-29T07:36:07Z,2026-01-30T23:59:00Z,on_time
1d080299-68b2-4ab4-8ae2-803eb28111c9,S054,HW1,2,2026-01-30T10:13:55Z,2026-01-30T23:59:00Z,on_time
cc09633a-68f7-4f20-beee-364fcc871a24,S054,HW2,1,2026-02-15T06:35:15Z,2026-02-17T23:59:00Z,on_time
4e56b866-ccfc-48a2-8972-e2cde10e4274,S054,HW2,2,2026-02-19T02:15:19Z,2026-02-17T23:59:00Z,late
13fe105f-ebba-44f8-9c79-cf65f4e53c21,S054,HW2,3,2026-02-18T06:35:58Z,2026-02-17T23:59:00Z,late
d1bac1b3-9077-43c1-baec-acc0796c48d0,S054,HW3,1,2026-03-05T02:55:13Z,2026-03-07T23:59:00Z,on_time
f2ac0dba-3f2f-46ed-a077-b202a0519b14,S054,HW4,1,2026-03-24T23:38:26Z,2026-03-25T23:59:00Z,on_time
f7842b80-495a-4a45-8da9-ffed030d5e26,S054,HW5,1,2026-04-14T05:18:04Z,2026-04-12T23:59:00Z,late
49f96c4c-a02e-4b5e-bef1-688d7a3b03a0,S055,HW1,1,2026-01-30T14:53:18Z,2026-01-30T23:59:00Z,on_time
4db95ee2-fe45-4b88-a5eb-8a05b9098232,S055,HW1,2,2026-01-30T22:37:43Z,2026-01-30T23:59:00Z,on_time
e6fa4fc5-6e7d-4e43-8b56-7474b494b709,S055,HW2,1,2026-02-17T12:57:41Z,2026-02-17T23:59:00Z,on_time
3959805b-0527-40a5-982b-ae6b3074fd83,S055,HW3,1,2026-03-07T05:53:00Z,2026-03-07T23:59:00Z,on_time
69c1f1a9-0691-416e-b942-9819ce270674,S055,HW3,2,2026-03-07T06:27:19Z,2026-03-07T23:59:00Z,on_time
ceb47abb-865d-4a32-8896-ccad3dfa426e,S055,HW4,1,2026-03-24T16:31:49Z,2026-03-25T23:59:00Z,on_time
11dd2289-188d-48aa-a6ef-393198dcdf0a,S055,HW5,1,2026-04-10T04:24:21Z,2026-04-12T23:59:00Z,on_time
5301cf09-97fb-48f1-bac8-ab72d9cf34f4,S056,HW1,1,2026-01-28T05:40:49Z,2026-01-30T23:59:00Z,on_time
3b9b7181-2b36-4fe2-89fd-de7446de2a00,S056,HW2,1,2026-02-15T23:14:03Z,2026-02-17T23:59:00Z,on_time
0df042af-b70b-462a-beef-fe07f7d9a91b,S056,HW3,1,2026-03-06T23:07:57Z,2026-03-07T23:59:00Z,on_time
90f4e2ee-61ec-41ba-b4ec-b0806c4dde40,S056,HW3,2,2026-03-05T16:24:54Z,2026-03-07T23:59:00Z,on_time
e90b4387-739e-4ff7-b13a-ac815482c6e6,S056,HW4,1,2026-03-23T10:34:14Z,2026-03-25T23:59:00Z,on_time
66403894-0b51-4202-b5a2-b54d404ef6fb,S056,HW5,1,2026-04-11T09:51:14Z,2026-04-12T23:59:00Z,on_time
00932132-23c8-40e5-83a4-df6d65dcad28,S057,HW1,1,2026-01-30T17:38:05Z,2026-01-30T23:59:00Z,on_time
cab82e96-7012-47eb-b6ea-58f1be583e64,S057,HW2,1,2026-02-17T15:02:35Z,2026-02-17T23:59:00Z,on_time
666d52c8-b3bd-461a-bf7c-dc42ce1b9536,S057,HW2,2,2026-02-15T13:12:42Z,2026-02-17T23:59:00Z,on_time
00d49024-1382-4145-b19c-25e189ef5804,S057,HW3,1,2026-03-05T21:22:30Z,2026-03-07T23:59:00Z,on_time
337ddb3c-4f60-4ae4-8363-3d5b0366f040,S057,HW3,2,2026-03-06T13:44:48Z,2026-03-07T23:59:00Z,on_time
4dcfc3fc-93de-4839-a1a2-0a4e40dcb32c,S057,HW3,3,2026-03-06T14:45:49Z,2026-03-07T23:59:00Z,on_time
bc8a13dd-e3ca-488f-95f0-72de7f16afe4,S057,HW4,1,2026-03-24T03:39:25Z,2026-03-25T23:59:00Z,on_time
91e011d2-6f38-4676-8a60-9338a3dda23d,S057,HW5,1,2026-04-11T21:09:15Z,2026-04-12T23:59:00Z,on_time
16113dbb-b7cd-472d-91a7-9cb546120a99,S057,HW5,2,2026-04-10T22:29:06Z,2026-04-12T23:59:00Z,on_time
58519341-ac40-415a-900f-ddc5dda70efd,S058,HW1,1,2026-01-29T23:42:34Z,2026-01-30T23:59:00Z,on_time
6d921ddd-0b25-4d6e-9f42-bdfd24691448,S058,HW2,1,2026-02-17T02:45:29Z,2026-02-17T23:59:00Z,on_time
288f61dc-303c-412f-b480-fd0e1dd8e656,S058,HW3,1,2026-03-06T06:35:43Z,2026-03-07T23:59:00Z,on_time
3d3156e8-9754-4b9a-8822-a330d2fe0778,S058,HW4,1,2026-03-23T19:50:32Z,2026-03-25T23:59:00Z,on_time
02e2d481-04db-4657-9aae-96555482db80,S058,HW5,1,2026-04-12T16:35:55Z,2026-04-12T23:59:00Z,on_time
6dad1ca2-120d-4d40-bfe1-d3ab86471ace,S059,HW1,1,2026-01-30T15:01:01Z,2026-01-30T23:59:00Z,on_time
22443eb8-11b2-44ce-b325-b5573af4f414,S059,HW1,2,2026-01-28T03:25:15Z,2026-01-30T23:59:00Z,on_time
8f8f4435-40d4-41f4-8c55-b4a32090c97c,S059,HW2,1,2026-02-15T07:17:49Z,2026-02-17T23:59:00Z,on_time
75b6b5aa-111a-4abf-aa5c-3645bc4533fb,S059,HW2,2,2026-02-17T06:27:22Z,2026-02-17T23:59:00Z,on_time
c340d95f-a1d7-4f1d-a722-dc19d2f8108f,S059,HW3,1,2026-03-05T20:31:43Z,2026-03-07T23:59:00Z,on_time
da560b43-5f9e-4572-bb93-e92582fd9a6c,S059,HW3,2,2026-03-05T21:22:15Z,2026-03-07T23:59:00Z,on_time
23324e4d-0c70-48ff-b5b2-22dcd68df802,S059,HW4,1,2026-03-24T16:24:27Z,2026-03-25T23:59:00Z,on_time
7a293038-13c2-49eb-8754-ee20723267c2,S059,HW4,2,2026-03-24T14:47:23Z,2026-03-25T23:59:00Z,on_time
057267dc-2650-4000-a189-64cbf7f2a749,S059,HW4,3,2026-03-24T10:44:45Z,2026-03-25T23:59:00Z,on_time
13484e72-1e52-4030-a82f-1f90358fb71e,S059,HW5,1,2026-04-12T16:28:06Z,2026-04-12T23:59:00Z,on_time
5d71d980-9145-4307-9038-1107c8da4f59,S060,HW1,1,2026-01-30T19:46:47Z,2026-01-30T23:59:00Z,on_time
a5f4b3c5-a607-4e95-9ba3-52e0b44172c3,S060,HW2,1,2026-02-17T02:04:23Z,2026-02-17T23:59:00Z,on_time
1e385657-438c-42c6-bfef-c616348fa695,S060,HW2,2,2026-02-17T20:31:17Z,2026-02-17T23:59:00Z,on_time
4cb3af97-47c0-434c-9e37-0c68bf2db5e3,S060,HW3,1,2026-03-07T16:29:59Z,2026-03-07T23:59:00Z,on_time
7616ae3c-a38f-4f04-9ca9-4f1e87bbac66,S060,HW4,1,2026-03-23T01:04:08Z,2026-03-25T23:59:00Z,on_time
362c4861-2858-473c-8df9-4c273b0aa614,S060,HW5,1,2026-04-12T16:50:40Z,2026-04-12T23:59:00Z,on_time
180b98d2-f3ce-44f9-8d2e-f1add98d8222,S061,HW1,1,2026-01-29T19:33:00Z,2026-01-30T23:59:00Z,on_time
b1c245fd-02c0-4937-9b6b-133011f51165,S061,HW2,1,2026-02-15T11:28:09Z,2026-02-17T23:59:00Z,on_time
23e31223-dc78-4388-a99c-89d6c861e180,S061,HW3,1,2026-03-07T21:35:45Z,2026-03-07T23:59:00Z,on_time
b61f69a0-e8a5-49f7-bad6-aa0911eb2dcc,S061,HW4,1,2026-03-24T14:42:03Z,2026-03-25T23:59:00Z,on_time
cca163ca-fc49-4bb8-89ca-65ab5afe7214,S061,HW4,2,2026-03-24T13:55:46Z,2026-03-25T23:59:00Z,on_time
ec421dcb-5280-4c34-9311-85baf789253a,S061,HW4,3,2026-03-25T04:02:29Z,2026-03-25T23:59:00Z,on_time
751adaeb-fd20-48b2-b7df-5f09b9161ff8,S061,HW5,1,2026-04-11T12:57:03Z,2026-04-12T23:59:00Z,on_time
d7f98640-e5dd-464c-894a-0670299e2f22,S061,HW5,2,2026-04-11T13:31:43Z,2026-04-12T23:59:00Z,on_time
e37cfa04-4626-452e-a221-fe8be0e8dcb2,S062,HW1,1,2026-01-29T13:59:06Z,2026-01-30T23:59:00Z,on_time
0b4caf69-3f8d-4b98-b910-a6b299d15e05,S062,HW1,2,2026-01-29T09:02:59Z,2026-01-30T23:59:00Z,on_time
556ed411-4d94-4a1d-a534-6e5f1573540d,S062,HW2,1,2026-02-15T13:00:09Z,2026-02-17T23:59:00Z,on_time
acdcef12-6430-43cf-b776-8b7d57d3dbdf,S062,HW2,2,2026-02-15T22:38:36Z,2026-02-17T23:59:00Z,on_time
6dcca989-9eee-4195-baee-0b0fded814d8,S062,HW2,3,2026-02-15T06:58:01Z,2026-02-17T23:59:00Z,on_time
23343a87-26f7-4560-ad9c-feb00a922c4c,S062,HW3,1,2026-03-06T03:54:47Z,2026-03-07T23:59:00Z,on_time
bedb306e-1d9a-4aaf-94dc-7b1d001ebb9f,S062,HW4,1,2026-03-25T15:51:27Z,2026-03-25T23:59:00Z,on_time
767f5ae7-05af-461e-abae-b16a7b9c0137,S062,HW5,1,2026-04-10T15:19:08Z,2026-04-12T23:59:00Z,on_time
d5059b6b-8ff7-40a6-a421-76a0f2ebf2f4,S062,HW5,2,2026-04-11T10:51:00Z,2026-04-12T23:59:00Z,on_time
a5bd3b7d-9a0e-4592-866b-947c14d90b8d,S063,HW1,1,2026-01-29T22:27:44Z,2026-01-30T23:59:00Z,on_time
e46436bd-ef05-475d-9a0b-df7337888237,S063,HW2,1,2026-02-15T22:24:34Z,2026-02-17T23:59:00Z,on_time
1c420b19-e0d7-4f62-b722-8fbb7a86a49c,S063,HW2,2,2026-02-15T01:45:21Z,2026-02-17T23:59:00Z,on_time
efbda64f-1d00-4cca-9637-4c1e1c2da321,S063,HW3,1,2026-03-06T10:26:47Z,2026-03-07T23:59:00Z,on_time
b86f950e-06c8-4d0a-b622-49af76117407,S063,HW4,1,2026-03-25T15:03:25Z,2026-03-25T23:59:00Z,on_time
55df0fe6-81c5-4500-8db2-7fde79279a1d,S063,HW4,2,2026-03-23T14:21:50Z,2026-03-25T23:59:00Z,on_time
da54cb97-b4f7-4176-896f-78f9f7d70793,S063,HW4,3,2026-03-24T13:16:58Z,2026-03-25T23:59:00Z,on_time
767b2244-0152-4301-b8dc-64fc558c3cba,S063,HW5,1,2026-04-11T07:06:37Z,2026-04-12T23:59:00Z,on_time
9c878e32-706a-476b-b39c-38e5bf8d7e35,S063,HW5,2,2026-04-11T18:55:26Z,2026-04-12T23:59:00Z,on_time
18049445-a285-4d9a-b2e1-7e8c8de25486,S064,HW1,1,2026-01-29T19:58:43Z,2026-01-30T23:59:00Z,on_time
90cf8819-176e-4127-85c7-a7d4523f2440,S064,HW1,2,2026-01-28T14:28:29Z,2026-01-30T23:59:00Z,on_time
eb4a28b0-36b8-45c2-9cc4-a79f8dac9e22,S064,HW2,1,2026-02-17T04:30:35Z,2026-02-17T23:59:00Z,on_time
94afe3d8-1264-49e7-9eda-90db8f72318a,S064,HW3,1,2026-03-06T12:38:15Z,2026-03-07T23:59:00Z,on_time
6de607f7-063b-45d0-8fe2-75c876c19c9e,S064,HW4,1,2026-03-23T20:19:05Z,2026-03-25T23:59:00Z,on_time
2e3c6a33-7f1c-44a9-aa25-7edf4a0c77f1,S064,HW5,1,2026-04-12T02:15:49Z,2026-04-12T23:59:00Z,on_time
5e1a500f-b92e-4d58-9cca-59fb0f4b0d16,S065,HW1,1,2026-01-29T09:40:55Z,2026-01-30T23:59:00Z,on_time
4c871518-4775-4cc6-9ed8-136f85b6802b,S065,HW2,1,2026-02-17T13:47:22Z,2026-02-17T23:59:00Z,on_time
9185f121-4a2a-4c52-bf10-18cce620bb5a,S065,HW2,2,2026-02-17T00:06:18Z,2026-02-17T23:59:00Z,on_time
c5d365a5-ad31-4342-a18f-bb4795214142,S065,HW3,1,2026-03-05T21:26:12Z,2026-03-07T23:59:00Z,on_time
ace69fb4-4ff8-41ad-9ad4-f85da358410a,S065,HW4,1,2026-03-25T19:20:40Z,2026-03-25T23:59:00Z,on_time
e3b640ed-044c-4c8d-8cb9-f2c25da7b501,S065,HW4,2,2026-03-25T22:44:13Z,2026-03-25T23:59:00Z,on_time
bbb96d0b-9fe9-476c-bd91-eb33d7e8b7ac,S065,HW4,3,2026-03-23T14:53:03Z,2026-03-25T23:59:00Z,on_time
cd40d726-3133-4e36-bfbc-ab794a6aa02f,S065,HW5,1,2026-04-12T08:20:56Z,2026-04-12T23:59:00Z,on_time
58674ceb-ab14-45c6-8a96-9aaebceeb399,S065,HW5,2,2026-04-10T04:15:16Z,2026-04-12T23:59:00Z,on_time
28aaf6b6-0fa0-40d1-9de2-46435198ca38,S066,HW1,1,2026-01-28T03:00:26Z,2026-01-30T23:59:00Z,on_time
6bbae8cc-15df-4181-9a43-4a30f68a29c8,S066,HW1,2,2026-01-29T12:07:04Z,2026-01-30T23:59:00Z,on_time
3d7ab764-edd3-4306-8118-6425cfd16706,S066,HW1,3,2026-01-30T05:32:31Z,2026-01-30T23:59:00Z,on_time
b245d836-3942-4e41-9a15-9de7860fe655,S066,HW2,1,2026-02-15T12:44:16Z,2026-02-17T23:59:00Z,on_time
4bdd4658-63bd-4419-a5f4-67c3a35cd092,S066,HW3,1,2026-03-05T12:01:21Z,2026-03-07T23:59:00Z,on_time
7aecba76-83a5-4436-ac5c-9b2a41fa0e86,S066,HW4,1,2026-03-24T04:13:31Z,2026-03-25T23:59:00Z,on_time
92190970-867d-4a81-8429-d00f61f11fa5,S066,HW4,2,2026-03-25T16:12:42Z,2026-03-25T23:59:00Z,on_time
42e0f558-db3d-48a9-b2d1-6f91522da659,S066,HW5,1,2026-04-11T20:20:52Z,2026-04-12T23:59:00Z,on_time
c0fe5204-3cfb-429c-af02-7c132ac72c47,S067,HW1,1,2026-01-29T15:35:45Z,2026-01-30T23:59:00Z,on_time
720be790-f1d6-4c1e-9cf7-a2d161fde169,S067,HW1,2,2026-01-29T21:12:22Z,2026-01-30T23:59:00Z,on_time
28377299-b5aa-40fb-bc31-c8e9107d7ae9,S067,HW1,3,2026-01-30T06:33:44Z,2026-01-30T23:59:00Z,on_time
73f93254-75aa-443c-9868-663f783cbd9d,S067,HW2,1,2026-02-17T21:06:03Z,2026-02-17T23:59:00Z,on_time
fcb7ab7d-71ea-4846-955b-d63ec16ee373,S067,HW3,1,2026-03-07T12:46:54Z,2026-03-07T23:59:00Z,on_time
5f28f60b-67b5-4587-95ad-7498b4c83566,S067,HW3,2,2026-03-07T02:33:04Z,2026-03-07T23:59:00Z,on_time
93aea391-706a-4f77-94ba-368e1f151126,S067,HW4,1,2026-03-23T23:23:54Z,2026-03-25T23:59:00Z,on_time
cbb3d940-5cb7-445f-bc34-36947a9bd5bc,S067,HW4,2,2026-03-24T03:55:39Z,2026-03-25T23:59:00Z,on_time
4b0e484a-076c-42e8-94ad-0d569f4f9629,S067,HW5,1,2026-04-11T11:05:45Z,2026-04-12T23:59:00Z,on_time
12cd67f4-61bb-4e01-a4b2-3ed281bfc3bc,S068,HW1,1,2026-01-30T05:31:49Z,2026-01-30T23:59:00Z,on_time
caeb014c-fb62-41f2-8499-6b575dbba241,S068,HW1,2,2026-01-28T23:38:48Z,2026-01-30T23:59:00Z,on_time
a21123e7-1e3f-4dd0-8779-22013ad738af,S068,HW1,3,2026-01-29T17:11:25Z,2026-01-30T23:59:00Z,on_time
5c9566be-3c16-465c-ba3e-1ce583bfa344,S068,HW2,1,2026-02-17T15:12:27Z,2026-02-17T23:59:00Z,on_time
795a97c2-0848-4162-a2d6-1e9d1b37ee47,S068,HW3,1,2026-03-07T12:55:47Z,2026-03-07T23:59:00Z,on_time
9f975b80-e30d-4f1c-a0a2-601538aa2465,S068,HW4,1,2026-03-23T13:48:55Z,2026-03-25T23:59:00Z,on_time
c7f02c98-ee72-4e50-b80d-9f6d8fcbf0fe,S068,HW5,1,2026-04-11T13:06:52Z,2026-04-12T23:59:00Z,on_time
73f30ba2-00d5-4cf8-97d1-ce37df0ab3c4,S069,HW1,1,2026-01-30T14:59:21Z,2026-01-30T23:59:00Z,on_time
9d5046b2-ea5f-47b8-84cc-1a1a6a6c7fae,S069,HW2,1,2026-02-16T16:24:07Z,2026-02-17T23:59:00Z,on_time
1e2cd814-a20e-447d-bc63-aaf8c61df7cd,S069,HW3,1,2026-03-05T02:37:25Z,2026-03-07T23:59:00Z,on_time
cbb21b8c-0e49-4f8f-9d8e-1a28d6b3a497,S069,HW3,2,2026-03-05T23:11:54Z,2026-03-07T23:59:00Z,on_time
e934dc71-dd97-4098-8ed4-8f9326d68004,S069,HW4,1,2026-03-23T19:12:32Z,2026-03-25T23:59:00Z,on_time
9bd02ea6-c608-4cbf-b9ea-24e500d3a46f,S069,HW5,1,2026-04-12T16:25:57Z,2026-04-12T23:59:00Z,on_time
83307c6c-b351-46be-874f-6d51388c5d80,S069,HW5,2,2026-04-10T00:02:05Z,2026-04-12T23:59:00Z,on_time
33d7211c-1643-4834-8217-1a7d2673e479,S070,HW1,1,2026-01-28T08:27:31Z,2026-01-30T23:59:00Z,on_time
1b51dfdc-ff9b-4d75-9495-ee5b74111f70,S070,HW2,1,2026-02-15T12:38:35Z,2026-02-17T23:59:00Z,on_time
37bfe074-6657-4e14-9c51-254675c76cd7,S070,HW3,1,2026-03-07T13:48:56Z,2026-03-07T23:59:00Z,on_time
df07f3d7-dc63-4e5e-91a4-cb821698e67d,S070,HW4,1,2026-03-25T22:25:22Z,2026-03-25T23:59:00Z,on_time
3fc4f825-fff1-411d-b5d9-bcae158bfee0,S070,HW5,1,2026-04-10T15:50:49Z,2026-04-12T23:59:00Z,on_time
f27a2f82-70ec-48ce-b946-50f0f138bf00,S070,HW5,2,2026-04-11T01:17:45Z,2026-04-12T23:59:00Z,on_time
9d87832a-3446-4891-8c8f-7275f7f377c3,S071,HW1,1,2026-01-28T14:46:01Z,2026-01-30T23:59:00Z,on_time
69798e76-38b6-4821-ad50-1705dd2ed68d,S071,HW1,2,2026-01-28T13:36:40Z,2026-01-30T23:59:00Z,on_time
aa7ba6fb-2d5d-4a7a-b5f3-dce975aebe64,S071,HW2,1,2026-02-15T09:13:31Z,2026-02-17T23:59:00Z,on_time
f4059725-35c6-454d-85c3-29f5a3147276,S071,HW3,1,2026-03-06T03:30:43Z,2026-03-07T23:59:00Z,on_time
c031baa8-069d-48d9-b5e9-459af65c420b,S071,HW4,1,2026-03-25T15:18:28Z,2026-03-25T23:59:00Z,on_time
ba0c9f41-30a0-4ad9-84e7-3ce16ba5c622,S071,HW4,2,2026-03-24T04:28:28Z,2026-03-25T23:59:00Z,on_time
8b73c9f8-79d7-4b80-aa85-fa3fdb6fed2d,S071,HW4,3,2026-03-23T05:59:12Z,2026-03-25T23:59:00Z,on_time
f337535b-b443-4f73-aaee-c19c70226d6a,S071,HW5,1,2026-04-11T08:54:20Z,2026-04-12T23:59:00Z,on_time
d8813bf0-870e-4471-8c29-ca23d5baff40,S072,HW1,1,2026-01-28T00:19:21Z,2026-01-30T23:59:00Z,on_time
65909747-0a5b-4b88-8ab3-e4cb30990049,S072,HW1,2,2026-01-29T08:05:56Z,2026-01-30T23:59:00Z,on_time
c6030d26-cf95-4408-9419-cb99eee361f2,S072,HW2,1,2026-02-16T07:11:59Z,2026-02-17T23:59:00Z,on_time
ac26d349-66c7-4034-8de5-b9bc4772a381,S072,HW2,2,2026-02-16T16:39:37Z,2026-02-17T23:59:00Z,on_time
52ad453f-9827-4e08-a283-c7cfb481f14a,S072,HW3,1,2026-03-05T10:12:22Z,2026-03-07T23:59:00Z,on_time
801d060c-3a86-417e-bc0e-6d90ba74ca9e,S072,HW4,1,2026-03-23T16:48:41Z,2026-03-25T23:59:00Z,on_time
95a0f066-c4ae-450a-923c-ee1fa4d1e55f,S072,HW5,1,2026-04-10T14:23:55Z,2026-04-12T23:59:00Z,on_time
bbdf2b6f-6733-4657-97dd-25cb8ec92a38,S072,HW5,2,2026-04-11T03:04:07Z,2026-04-12T23:59:00Z,on_time
85eb7cf7-81e6-4113-82e4-b9747d8ca850,S073,HW1,1,2026-01-30T15:40:44Z,2026-01-30T23:59:00Z,on_time
3f42736c-1413-4dca-b97b-b4c472265230,S073,HW1,2,2026-01-28T10:19:34Z,2026-01-30T23:59:00Z,on_time
d7f80e5d-1370-44d8-a4de-ce5eae2bbe09,S073,HW2,1,2026-02-16T19:08:20Z,2026-02-17T23:59:00Z,on_time
78e69e00-4a9b-4154-91cb-0f81b36ed9e2,S073,HW3,1,2026-03-05T21:25:27Z,2026-03-07T23:59:00Z,on_time
813b138a-05f3-4140-bfa7-37936d9e2e9e,S073,HW3,2,2026-03-06T20:01:43Z,2026-03-07T23:59:00Z,on_time
90e8091e-cc8c-4973-bb74-b28a771ba394,S073,HW4,1,2026-03-25T05:11:19Z,2026-03-25T23:59:00Z,on_time
8d61eb21-b587-4f53-8cff-7d6ac3304e83,S073,HW4,2,2026-03-24T10:30:47Z,2026-03-25T23:59:00Z,on_time
39dcc653-73fe-4ba4-a913-99909d688564,S073,HW4,3,2026-03-25T00:14:26Z,2026-03-25T23:59:00Z,on_time
e53bfcc5-7194-4d85-9350-811b327e235d,S073,HW5,1,2026-04-12T11:12:07Z,2026-04-12T23:59:00Z,on_time
0f355d4a-12a6-488e-9e13-d2258156de26,S074,HW1,1,2026-01-28T19:48:31Z,2026-01-30T23:59:00Z,on_time
8c20de75-ea66-45dd-a7a2-6857d2e93e78,S074,HW1,2,2026-01-28T15:31:07Z,2026-01-30T23:59:00Z,on_time
133a2653-e1f3-47ef-85df-6856fc3e5dd2,S074,HW2,1,2026-02-17T01:53:38Z,2026-02-17T23:59:00Z,on_time
ddc89e11-ca5d-473a-a8a8-0a652ff5b83e,S074,HW3,1,2026-03-07T19:13:57Z,2026-03-07T23:59:00Z,on_time
97a1d080-b64e-4a77-9a58-097ae56959b8,S074,HW4,1,2026-03-25T15:18:25Z,2026-03-25T23:59:00Z,on_time
b8017e15-e085-4a82-95f0-3204d4a80cd7,S074,HW4,2,2026-03-24T08:01:38Z,2026-03-25T23:59:00Z,on_time
7e79c248-18db-4366-93af-80b29ce5ff61,S074,HW5,1,2026-04-12T04:14:23Z,2026-04-12T23:59:00Z,on_time
da499f40-ea3e-40bf-b0ee-7dfe630de573,S074,HW5,2,2026-04-10T08:07:00Z,2026-04-12T23:59:00Z,on_time
aa5bda8d-6c88-4c04-9eb1-eb19df4180b3,S075,HW1,1,2026-01-30T18:54:57Z,2026-01-30T23:59:00Z,on_time
04ee1498-659f-4800-a543-44cc5daffcea,S075,HW2,1,2026-02-16T05:50:51Z,2026-02-17T23:59:00Z,on_time
5b4ddae5-7aa7-464b-8626-1798e8d1a0eb,S075,HW2,2,2026-02-16T10:53:25Z,2026-02-17T23:59:00Z,on_time
ec3d9a89-2f87-43eb-a8c6-d240bf3ef025,S075,HW3,1,2026-03-05T16:17:21Z,2026-03-07T23:59:00Z,on_time
14ae4682-a710-4654-933b-fb0fa721b60a,S075,HW3,2,2026-03-05T21:46:10Z,2026-03-07T23:59:00Z,on_time
bbd42b87-0044-4451-913a-14b13ec3502e,S075,HW3,3,2026-03-06T02:34:01Z,2026-03-07T23:59:00Z,on_time
bf08356f-222d-4d28-b90c-ee803cd7e344,S075,HW4,1,2026-03-24T07:30:35Z,2026-03-25T23:59:00Z,on_time
0c44f55e-422e-404a-afe1-9638a09813ee,S075,HW4,2,2026-03-24T13:08:40Z,2026-03-25T23:59:00Z,on_time
b9b30985-10a0-40c2-b251-7393ae1a1e35,S075,HW5,1,2026-04-10T15:04:53Z,2026-04-12T23:59:00Z,on_time
9fbc0740-848d-43fe-9974-418e15ca5586,S076,HW1,1,2026-01-30T14:59:59Z,2026-01-30T23:59:00Z,on_time
bf173549-22f6-4813-b49b-ea613904b4f1,S076,HW1,2,2026-01-30T13:07:33Z,2026-01-30T23:59:00Z,on_time
c6be32e2-9183-474b-a543-e3b5a3f7ae8a,S076,HW2,1,2026-02-15T20:19:03Z,2026-02-17T23:59:00Z,on_time
5c22b8c2-9691-4948-b27c-bc193072ad91,S076,HW3,1,2026-03-07T16:10:15Z,2026-03-07T23:59:00Z,on_time
e22abb9e-cb08-499e-b48b-af0dd349c1f3,S076,HW4,1,2026-03-23T14:12:44Z,2026-03-25T23:59:00Z,on_time
6fa996e4-cdd2-4ca0-9636-f95b39ae59e7,S076,HW5,1,2026-04-11T01:34:51Z,2026-04-12T23:59:00Z,on_time
977091c8-4451-481a-9ebb-a4a100c00627,S077,HW1,1,2026-01-29T10:56:17Z,2026-01-30T23:59:00Z,on_time
95f38593-7d8d-4e4b-8a4f-32df3128490a,S077,HW2,1,2026-02-16T18:54:22Z,2026-02-17T23:59:00Z,on_time
bd52a2ea-6534-4aa8-9ecc-e04f0cb7791f,S077,HW2,2,2026-02-17T14:45:09Z,2026-02-17T23:59:00Z,on_time
532c79b3-a6d3-4cf7-af02-9025822a33a3,S077,HW3,1,2026-03-06T12:43:47Z,2026-03-07T23:59:00Z,on_time
31493aed-8494-4218-a48d-0c1ce842e935,S077,HW4,1,2026-03-25T15:57:12Z,2026-03-25T23:59:00Z,on_time
d49b5a08-c45b-4be0-923d-8126e1efe86b,S077,HW4,2,2026-03-24T05:21:39Z,2026-03-25T23:59:00Z,on_time
df9089d4-f805-4ce0-a88e-bcc066ceda94,S077,HW4,3,2026-03-25T20:32:32Z,2026-03-25T23:59:00Z,on_time
fd59a1bf-2a98-4b0d-8256-3db7d90d8259,S077,HW5,1,2026-04-12T01:01:39Z,2026-04-12T23:59:00Z,on_time
0ea50848-a702-4dfb-a728-f5adb8ce45ee,S078,HW1,1,2026-01-28T10:12:28Z,2026-01-30T23:59:00Z,on_time
56731f40-012a-47a1-9aa6-378f67825795,S078,HW1,2,2026-01-29T21:06:47Z,2026-01-30T23:59:00Z,on_time
81209cb5-2cd1-4cfb-907b-ea29a3f92f63,S078,HW2,1,2026-02-15T07:23:26Z,2026-02-17T23:59:00Z,on_time
3f1de36b-4068-4a2c-97d0-22511b800af9,S078,HW2,2,2026-02-17T11:01:05Z,2026-02-17T23:59:00Z,on_time
b83ba9c0-8662-4dec-82c6-aff08b17a289,S078,HW3,1,2026-03-06T00:50:34Z,2026-03-07T23:59:00Z,on_time
6ecfccbb-c7f3-4c6d-b1e1-0fbdcf6e5bb4,S078,HW3,2,2026-03-06T21:52:41Z,2026-03-07T23:59:00Z,on_time
12435d32-38eb-4828-b4d6-72ce69ba94cd,S078,HW4,1,2026-03-24T16:12:03Z,2026-03-25T23:59:00Z,on_time
acab3421-a320-4163-8b0e-993c5de506ea,S078,HW4,2,2026-03-25T18:21:44Z,2026-03-25T23:59:00Z,on_time
d54a673f-087f-438f-949f-8432302cb89a,S078,HW5,1,2026-04-11T08:01:44Z,2026-04-12T23:59:00Z,on_time
be2f2ece-37b5-4115-9bce-17ad6db6a344,S078,HW5,2,2026-04-12T19:37:44Z,2026-04-12T23:59:00Z,on_time
09d2733f-0d7a-4bce-9911-e17a4197faab,S078,HW5,3,2026-04-11T05:21:02Z,2026-04-12T23:59:00Z,on_time
87f61aac-ae33-4a6e-97da-55bede2a4eaf,S079,HW1,1,2026-01-29T01:21:50Z,2026-01-30T23:59:00Z,on_time
cdd8096d-b647-4a2b-9910-8f8e9096f904,S079,HW2,1,2026-02-16T10:32:12Z,2026-02-17T23:59:00Z,on_time
443b387e-0b14-4be5-8da9-3d247d4c74a7,S079,HW3,1,2026-03-05T23:30:42Z,2026-03-07T23:59:00Z,on_time
8a3a7571-3917-4cff-9d03-b575d6b76ea3,S079,HW4,1,2026-03-23T11:58:40Z,2026-03-25T23:59:00Z,on_time
50ee590d-7beb-43df-a5f8-ceace1b334cc,S079,HW4,2,2026-03-24T16:24:28Z,2026-03-25T23:59:00Z,on_time
633111f4-d00e-407d-8cf3-872a81c057f2,S079,HW4,3,2026-03-23T16:21:01Z,2026-03-25T23:59:00Z,on_time
bf934324-b80f-4dd1-b93e-a9ab48e003e7,S079,HW5,1,2026-04-11T14:12:53Z,2026-04-12T23:59:00Z,on_time
43a8c09e-a244-4f6f-923c-389fb4fc673f,S080,HW1,1,2026-01-28T17:16:53Z,2026-01-30T23:59:00Z,on_time
6a046918-76cc-4089-851a-567392b5a5da,S080,HW1,2,2026-01-30T17:13:32Z,2026-01-30T23:59:00Z,on_time
19cb19ae-cb8f-4de1-8d02-f9d5e45aeb68,S080,HW2,1,2026-02-15T17:51:37Z,2026-02-17T23:59:00Z,on_time
c982910d-b7cd-4e8c-8559-0455295cf402,S080,HW3,1,2026-03-06T19:57:37Z,2026-03-07T23:59:00Z,on_time
ce826506-aa30-4e58-950a-6bbd039bcb81,S080,HW4,1,2026-03-24T22:53:49Z,2026-03-25T23:59:00Z,on_time
f380db57-cc4c-4ffb-80b6-ecdfe4759a85,S080,HW4,2,2026-03-24T00:30:41Z,2026-03-25T23:59:00Z,on_time
32aa57f7-9508-43b7-bab0-79074b37e450,S080,HW4,3,2026-03-23T22:04:32Z,2026-03-25T23:59:00Z,on_time
2b8ef425-154f-4cb7-b784-65f680f01d8d,S080,HW5,1,2026-04-10T16:54:45Z,2026-04-12T23:59:00Z,on_time
e1d8c91c-f01d-4bcf-8e3f-dec945922285,S081,HW1,1,2026-01-28T12:08:19Z,2026-01-30T23:59:00Z,on_time
5940f319-3012-4b79-a4de-2588ecebf1df,S081,HW2,1,2026-02-15T20:49:05Z,2026-02-17T23:59:00Z,on_time
c664a346-023c-4c27-bfa4-72b55c0337d1,S081,HW3,1,2026-03-06T14:35:23Z,2026-03-07T23:59:00Z,on_time
83016ac5-ea32-4f47-a7ea-ee83f861f691,S081,HW4,1,2026-03-23T05:06:58Z,2026-03-25T23:59:00Z,on_time
4d8f5564-1a34-4ddf-8471-573e9418a76b,S081,HW4,2,2026-03-25T09:12:07Z,2026-03-25T23:59:00Z,on_time
3e36682e-bcdf-4fd0-bf3d-01b35b89067e,S081,HW5,1,2026-04-11T04:35:33Z,2026-04-12T23:59:00Z,on_time
666b5216-d605-4eb8-aeef-938f8ce10819,S081,HW5,2,2026-04-10T11:07:03Z,2026-04-12T23:59:00Z,on_time
58435a4f-26fc-4dbd-864b-91f40d857557,S082,HW1,1,2026-01-28T17:07:27Z,2026-01-30T23:59:00Z,on_time
b9a330a9-5407-4a36-ae2a-bbd34bf1d126,S082,HW1,2,2026-01-28T12:14:05Z,2026-01-30T23:59:00Z,on_time
8e708183-2c93-43f7-ac15-95ccdeb059d2,S082,HW1,3,2026-01-29T14:36:35Z,2026-01-30T23:59:00Z,on_time
c9f4c3e3-48aa-4e7a-8dc7-0433a4ac46f8,S082,HW2,1,2026-02-16T22:25:16Z,2026-02-17T23:59:00Z,on_time
e955cb1e-cc80-46d5-8dbb-8aeb5ebb3ed6,S082,HW3,1,2026-03-06T12:12:56Z,2026-03-07T23:59:00Z,on_time
d8f1f210-d3ba-48e7-9a15-a761b617a481,S082,HW4,1,2026-03-25T12:40:51Z,2026-03-25T23:59:00Z,on_time
2c061d28-eb68-45b3-8912-2c3ceddc1fd1,S082,HW5,1,2026-04-11T15:47:55Z,2026-04-12T23:59:00Z,on_time
29217c7d-9135-4486-9b9e-b7793abb755c,S082,HW5,2,2026-04-10T20:55:39Z,2026-04-12T23:59:00Z,on_time
23645c5c-a585-4e26-9fdd-62e0064ad833,S082,HW5,3,2026-04-11T15:30:12Z,2026-04-12T23:59:00Z,on_time
94e5d669-0f2e-4689-9c16-6a3f1ceaff03,S083,HW1,1,2026-01-29T13:47:21Z,2026-01-30T23:59:00Z,on_time
f08b7710-0436-4304-aa42-7f90337bad83,S083,HW1,2,2026-01-29T13:03:34Z,2026-01-30T23:59:00Z,on_time
d77ce66c-a35e-45a6-b93b-62dea5584f78,S083,HW2,1,2026-02-17T17:46:22Z,2026-02-17T23:59:00Z,on_time
160f2557-3762-45f3-a3ce-68759ef44b6e,S083,HW2,2,2026-02-19T07:24:59Z,2026-02-17T23:59:00Z,late
d86c8436-7208-4f77-b82b-5c9416fe6a8e,S083,HW3,1,2026-03-07T16:20:45Z,2026-03-07T23:59:00Z,on_time
dd93b600-65de-44fc-af27-d331ccb1924a,S083,HW3,2,2026-03-09T01:16:27Z,2026-03-07T23:59:00Z,late
bfc79a67-7a4a-4f86-b15b-2319b59819bf,S083,HW3,3,2026-03-07T06:04:16Z,2026-03-07T23:59:00Z,on_time
d5ae12ef-24f6-467b-af94-c7ffdf16535a,S083,HW4,1,2026-03-26T12:56:18Z,2026-03-25T23:59:00Z,late
2dbc1879-1b00-430a-bd37-e69e42d8b713,S083,HW5,1,2026-04-13T06:43:39Z,2026-04-12T23:59:00Z,late
595220fc-9fa1-4067-8e68-b0cd5a3911f4,S083,HW5,2,2026-04-10T14:54:48Z,2026-04-12T23:59:00Z,on_time
5e399c3c-7a2c-4e75-af7e-26ecba01a005,S084,HW1,1,2026-01-31T00:35:55Z,2026-01-30T23:59:00Z,late
142bdcd9-1530-4037-aff6-222c17335f6a,S084,HW2,1,2026-02-19T14:51:39Z,2026-02-17T23:59:00Z,late
a89f4331-4eb9-4eec-8ee9-976538873284,S084,HW3,1,2026-03-07T18:17:37Z,2026-03-07T23:59:00Z,on_time
16b7fd46-c369-4bac-a98d-51b49cc02e3e,S084,HW4,1,2026-03-26T22:32:52Z,2026-03-25T23:59:00Z,late
5d2b3bc5-9dae-49d7-b60b-04da614cb7f1,S084,HW4,2,2026-03-25T11:19:08Z,2026-03-25T23:59:00Z,on_time
682b6eb4-343c-43c3-84ad-c4e8b274a6f0,S084,HW4,3,2026-03-27T09:20:10Z,2026-03-25T23:59:00Z,late
6686f374-f7a3-4172-bcce-25421eac195e,S084,HW5,1,2026-04-14T06:21:36Z,2026-04-12T23:59:00Z,late
01bea4c1-6463-4c55-84c4-9133a6452bd7,S084,HW5,2,2026-04-10T14:39:04Z,2026-04-12T23:59:00Z,on_time
a083f599-b859-4910-81c7-dd868f533eb1,S085,HW1,1,2026-01-30T18:31:04Z,2026-01-30T23:59:00Z,on_time
1b37bdcd-235e-43e6-ab7e-50df53cef891,S085,HW2,1,2026-02-15T04:46:56Z,2026-02-17T23:59:00Z,on_time
03baaca3-c2e6-456d-9e05-3eaa91044fc5,S085,HW3,1,2026-03-05T06:23:39Z,2026-03-07T23:59:00Z,on_time
5c902caf-e18b-4f5f-b889-3bc9966ae81e,S085,HW3,2,2026-03-07T04:44:56Z,2026-03-07T23:59:00Z,on_time
6bd1693e-206e-4a49-9dfa-22396df2b8a3,S085,HW4,1,2026-03-25T15:47:22Z,2026-03-25T23:59:00Z,on_time
17601ab1-d570-4577-ad91-4bdf0b1fe4db,S085,HW5,1,2026-04-10T05:06:31Z,2026-04-12T23:59:00Z,on_time
f902afe0-274b-484f-a4ee-a5879ccf9fd5,S085,HW5,2,2026-04-12T10:35:30Z,2026-04-12T23:59:00Z,on_time
bf83a609-6f95-4d4c-913f-3bc1f2d16224,S086,HW1,1,2026-01-30T11:02:31Z,2026-01-30T23:59:00Z,on_time
40e824c7-6b99-4483-9e0c-80c7fca90629,S086,HW2,1,2026-02-15T10:21:47Z,2026-02-17T23:59:00Z,on_time
7d7c3135-0714-46c9-965f-1e8dce35c4a7,S086,HW3,1,2026-03-07T02:18:04Z,2026-03-07T23:59:00Z,on_time
08e15a25-b269-40d7-9a9f-1e6428233540,S086,HW3,2,2026-03-07T02:42:48Z,2026-03-07T23:59:00Z,on_time
015fc567-f928-4787-8448-376b3a8e648c,S086,HW4,1,2026-03-23T10:45:14Z,2026-03-25T23:59:00Z,on_time
b11cdff5-0b18-409a-89c6-7ee82cba80db,S086,HW5,1,2026-04-10T00:59:14Z,2026-04-12T23:59:00Z,on_time
84caa088-ce48-4e4b-9286-e7ade48b1e4b,S087,HW1,1,2026-01-31T19:13:29Z,2026-01-30T23:59:00Z,late
61bd78d7-2345-4866-a995-85a6c6089bf0,S087,HW2,1,2026-02-16T21:13:29Z,2026-02-17T23:59:00Z,on_time
db1d9246-d263-466d-bdc4-b2f08c94026a,S087,HW3,1,2026-03-05T18:22:26Z,2026-03-07T23:59:00Z,on_time
68eba3b4-5ae8-444d-b722-4a08a0accac9,S087,HW4,1,2026-03-26T11:13:22Z,2026-03-25T23:59:00Z,late
5833e48e-a8a3-44ce-a44d-ab09e5f0c58e,S087,HW5,1,2026-04-13T11:24:04Z,2026-04-12T23:59:00Z,late
fc238394-45ad-4b3d-9ab2-e77cad79c5d1,S087,HW5,2,2026-04-10T21:23:15Z,2026-04-12T23:59:00Z,on_time
9e755767-220c-4137-97d8-72878ebed9dc,S088,HW1,1,2026-01-29T04:30:50Z,2026-01-30T23:59:00Z,on_time
2f1a3664-7d81-4aec-ab0f-adadd26ceb33,S088,HW2,1,2026-02-16T02:48:12Z,2026-02-17T23:59:00Z,on_time
4f013d23-544c-490e-8c60-ee6dcfb43cfa,S088,HW2,2,2026-02-15T04:41:41Z,2026-02-17T23:59:00Z,on_time
b0275b84-1f1c-4f1f-a870-a0704d6d7b60,S088,HW3,1,2026-03-05T09:20:31Z,2026-03-07T23:59:00Z,on_time
e3ee0b2e-5ed0-40a3-87ef-96a1bac59125,S088,HW4,1,2026-03-25T14:08:47Z,2026-03-25T23:59:00Z,on_time
c3f4fb36-d888-4a77-94dd-ba20d4a38b11,S088,HW4,2,2026-03-24T16:00:09Z,2026-03-25T23:59:00Z,on_time
0e34d54c-dab2-45e0-bf33-cf048920ff13,S088,HW5,1,2026-04-11T10:13:44Z,2026-04-12T23:59:00Z,on_time
5d3a272a-8804-4935-a8a8-8e1261760b46,S089,HW1,1,2026-01-28T20:49:09Z,2026-01-30T23:59:00Z,on_time
3e475e56-8b58-4cb9-80a9-6a911d51145f,S089,HW2,1,2026-02-17T22:10:03Z,2026-02-17T23:59:00Z,on_time
a6a7e908-4d9c-4a54-b36c-76be519c9322,S089,HW3,1,2026-03-07T21:03:22Z,2026-03-07T23:59:00Z,on_time
9da2d244-7b07-479a-b06a-05a715cd299e,S089,HW3,2,2026-03-06T13:29:29Z,2026-03-07T23:59:00Z,on_time
d0bb6d7e-d0ba-43d6-8fcd-a74bfee6a60c,S089,HW3,3,2026-03-06T10:44:25Z,2026-03-07T23:59:00Z,on_time
33550d3a-08d1-44f5-85d2-6b9461d6617f,S089,HW4,1,2026-03-25T08:36:40Z,2026-03-25T23:59:00Z,on_time
c4721f80-5b93-4731-8b54-890798273c23,S089,HW5,1,2026-04-10T07:07:44Z,2026-04-12T23:59:00Z,on_time
bf53abcf-7e93-4748-ad21-752ba98f6774,S090,HW1,1,2026-01-28T20:12:51Z,2026-01-30T23:59:00Z,on_time
9719deaa-a893-4646-a1af-ea71da335b81,S090,HW2,1,2026-02-17T20:29:48Z,2026-02-17T23:59:00Z,on_time
b2869ae2-f1af-4493-80e8-69c302711446,S090,HW2,2,2026-02-15T01:58:24Z,2026-02-17T23:59:00Z,on_time
6fd71398-24a0-46a7-9a8b-bd8dfcf26bef,S090,HW3,1,2026-03-07T12:57:00Z,2026-03-07T23:59:00Z,on_time
6ba46f88-888e-4e8d-8b78-2219bef16bbd,S090,HW4,1,2026-03-23T13:08:46Z,2026-03-25T23:59:00Z,on_time
6b365e11-6c04-4954-ab70-18fe54d14fd8,S090,HW5,1,2026-04-10T08:18:03Z,2026-04-12T23:59:00Z,on_time
5102151e-7d55-4f8e-a707-134af3ddea89,S090,HW5,2,2026-04-12T19:48:13Z,2026-04-12T23:59:00Z,on_time
866412cb-f739-484b-bced-9506d5e459ac,S090,HW5,3,2026-04-11T05:33:36Z,2026-04-12T23:59:00Z,on_time
550c7bb0-23b2-45be-93f0-53ed0e40cad2,S091,HW1,1,2026-01-29T11:40:23Z,2026-01-30T23:59:00Z,on_time
5c9fc6a0-ec86-42cb-8eea-a684e510f9ae,S091,HW1,2,2026-01-28T20:08:00Z,2026-01-30T23:59:00Z,on_time
3fa4fa1c-9654-4bf6-8838-04d443676867,S091,HW2,1,2026-02-16T07:17:59Z,2026-02-17T23:59:00Z,on_time
667893ed-d1bc-4f03-b4a8-a3bfc12d4237,S091,HW2,2,2026-02-15T16:10:25Z,2026-02-17T23:59:00Z,on_time
9571c3e4-d5b0-42ec-8bd0-8faa39de97f2,S091,HW3,1,2026-03-07T01:13:27Z,2026-03-07T23:59:00Z,on_time
b2df022f-e356-4466-9384-cca05e6ace8d,S091,HW3,2,2026-03-07T00:27:36Z,2026-03-07T23:59:00Z,on_time
d05e8910-fb2f-4404-9c93-8ab34db23253,S091,HW4,1,2026-03-23T21:17:57Z,2026-03-25T23:59:00Z,on_time
62d61669-e742-4706-a87c-4b943fcee8c2,S091,HW5,1,2026-04-12T10:35:08Z,2026-04-12T23:59:00Z,on_time
68e29dd5-bf30-410c-80d6-bbb990290a4b,S092,HW1,1,2026-01-28T14:54:01Z,2026-01-30T23:59:00Z,on_time
3f4dac48-c9e0-4530-abac-2fd0e7bf63cb,S092,HW1,2,2026-01-30T23:07:33Z,2026-01-30T23:59:00Z,on_time
413fed70-841d-4073-bd81-dba81105646a,S092,HW2,1,2026-02-15T04:57:22Z,2026-02-17T23:59:00Z,on_time
ef9cf9dc-857c-4b66-8364-9b13ce351193,S092,HW3,1,2026-03-05T04:53:09Z,2026-03-07T23:59:00Z,on_time
198d7698-7ce0-479d-8df5-ae189fb1b9ce,S092,HW4,1,2026-03-25T18:53:11Z,2026-03-25T23:59:00Z,on_time
1321d725-2a42-4454-bfb9-16afc22ffa87,S092,HW4,2,2026-03-25T22:35:02Z,2026-03-25T23:59:00Z,on_time
a01d1917-1b25-4506-a9f9-01ed5ad11772,S092,HW4,3,2026-03-23T07:52:54Z,2026-03-25T23:59:00Z,on_time
bd2de920-4918-4175-adfa-d55deed423b1,S092,HW5,1,2026-04-11T07:59:00Z,2026-04-12T23:59:00Z,on_time
19510c25-3d65-4f74-aa4a-25a4be268e6d,S093,HW1,1,2026-01-28T01:34:50Z,2026-01-30T23:59:00Z,on_time
7d40aa73-e84e-4807-afbf-9c54f290075e,S093,HW2,1,2026-02-16T18:35:31Z,2026-02-17T23:59:00Z,on_time
ff597a4f-f132-4b96-908b-030f513a4102,S093,HW3,1,2026-03-07T12:24:39Z,2026-03-07T23:59:00Z,on_time
d0d6b0f0-8581-42e2-965d-8b7a298d8388,S093,HW4,1,2026-03-25T19:38:23Z,2026-03-25T23:59:00Z,on_time
eefae483-9b3d-4b32-96ae-5db537a4fbb9,S093,HW5,1,2026-04-12T02:49:13Z,2026-04-12T23:59:00Z,on_time
092bbde0-0e13-48db-b260-156eed0c0d1b,S094,HW1,1,2026-01-29T11:58:18Z,2026-01-30T23:59:00Z,on_time
0ab76e91-857c-4ce2-bc58-12295a165655,S094,HW2,1,2026-02-17T06:15:31Z,2026-02-17T23:59:00Z,on_time
edf6d1f3-2728-4fed-9bda-e986e1238cf3,S094,HW2,2,2026-02-17T20:44:29Z,2026-02-17T23:59:00Z,on_time
7267548a-7aed-4820-af7d-b2d00f1c05f2,S094,HW3,1,2026-03-05T00:02:34Z,2026-03-07T23:59:00Z,on_time
db4a4d08-c186-46c2-8793-0c2226dc09ca,S094,HW4,1,2026-03-25T09:01:41Z,2026-03-25T23:59:00Z,on_time
6f879ff5-896e-42b5-8be3-ac48d4173498,S094,HW5,1,2026-04-10T19:11:47Z,2026-04-12T23:59:00Z,on_time
893cebb5-e829-4e21-bc06-9ab0c5f8969b,S094,HW5,2,2026-04-11T09:52:51Z,2026-04-12T23:59:00Z,on_time
bb5d44b2-4985-4bc8-855d-ab8466a4f6f5,S095,HW1,1,2026-01-28T00:19:02Z,2026-01-30T23:59:00Z,on_time
7eb76d29-90cc-464d-b63e-7f6c0c9727af,S095,HW1,2,2026-01-28T07:39:32Z,2026-01-30T23:59:00Z,on_time
98a1413c-3af1-41c7-98fa-68d18552cace,S095,HW2,1,2026-02-17T20:01:32Z,2026-02-17T23:59:00Z,on_time
4767d18e-d8b1-4082-aa69-ed006e7c44e2,S095,HW2,2,2026-02-16T22:30:49Z,2026-02-17T23:59:00Z,on_time
fed4407a-df5b-4d3c-85ea-79d1516f0778,S095,HW3,1,2026-03-05T10:28:08Z,2026-03-07T23:59:00Z,on_time
0fd7c410-43c5-4012-8490-eeac5d6ab24f,S095,HW3,2,2026-03-07T01:18:33Z,2026-03-07T23:59:00Z,on_time
4cb606fc-b74c-41cb-8f1d-007ef7b07cb8,S095,HW4,1,2026-03-23T05:54:33Z,2026-03-25T23:59:00Z,on_time
bcfebbcc-3ed9-455e-9f25-51fae6a3ff4f,S095,HW5,1,2026-04-12T19:23:36Z,2026-04-12T23:59:00Z,on_time
b3c6e872-ed06-4d78-84ce-85c03b411821,S095,HW5,2,2026-04-11T21:14:58Z,2026-04-12T23:59:00Z,on_time
a57c30f2-6073-44ed-abea-80d7e5060531,S095,HW5,3,2026-04-12T09:16:58Z,2026-04-12T23:59:00Z,on_time
1ce057a7-1335-41bb-a317-7ce5ec3a1f15,S096,HW1,1,2026-01-30T08:54:28Z,2026-01-30T23:59:00Z,on_time
a98ef0e0-cadc-41a9-904a-0c1a05885de1,S096,HW2,1,2026-02-17T22:06:23Z,2026-02-17T23:59:00Z,on_time
5fc2fbba-2d97-4a8c-8b2f-569b2dd8769d,S096,HW2,2,2026-02-15T14:36:18Z,2026-02-17T23:59:00Z,on_time
a81dcaae-7183-49aa-a274-8fdd9149d6cb,S096,HW3,1,2026-03-05T03:36:15Z,2026-03-07T23:59:00Z,on_time
039c5af0-6d20-472b-bc6d-e5bd0babaa39,S096,HW4,1,2026-03-23T22:27:14Z,2026-03-25T23:59:00Z,on_time
a2266296-494f-4cdf-a6db-e07fb75a4e0c,S096,HW5,1,2026-04-12T01:01:23Z,2026-04-12T23:59:00Z,on_time
8db9aaf7-248a-47e4-aa0b-c84c26d450c1,S097,HW1,1,2026-01-30T08:45:58Z,2026-01-30T23:59:00Z,on_time
69435ed9-390e-4e8f-8d7a-4145042d0174,S097,HW2,1,2026-02-17T04:42:13Z,2026-02-17T23:59:00Z,on_time
85bfcd51-4499-4872-893a-e13424f6f66c,S097,HW2,2,2026-02-15T20:23:33Z,2026-02-17T23:59:00Z,on_time
6031ac2b-0746-4705-a340-25cda441c8b8,S097,HW3,1,2026-03-06T03:25:44Z,2026-03-07T23:59:00Z,on_time
f5cd2ef0-c26f-4244-b2cf-24ad91b42e04,S097,HW3,2,2026-03-09T08:10:35Z,2026-03-07T23:59:00Z,late
76cad0b2-e020-4c97-b48d-66751d9b5c77,S097,HW4,1,2026-03-23T04:03:01Z,2026-03-25T23:59:00Z,on_time
f4283e50-e46e-4162-b5bf-ee9e4a8797fc,S097,HW5,1,2026-04-11T21:06:41Z,2026-04-12T23:59:00Z,on_time
3aefafe7-2d1f-47c4-97a3-5fa2b9ecec3c,S098,HW1,1,2026-01-29T06:03:24Z,2026-01-30T23:59:00Z,on_time
1db2723c-09dc-4120-a5e0-c02d5f719f5a,S098,HW2,1,2026-02-15T01:12:05Z,2026-02-17T23:59:00Z,on_time
902ed621-a748-4949-ba15-af027650d7a7,S098,HW3,1,2026-03-06T11:31:17Z,2026-03-07T23:59:00Z,on_time
21e6440e-ad4d-4fc6-928d-2da6f53c0687,S098,HW4,1,2026-03-23T13:54:03Z,2026-03-25T23:59:00Z,on_time
f485280a-83ef-4452-af5d-67727b01cd2b,S098,HW4,2,2026-03-25T12:42:34Z,2026-03-25T23:59:00Z,on_time
aef3e793-e92d-442f-9854-0a105599d1a9,S098,HW5,1,2026-04-10T10:38:15Z,2026-04-12T23:59:00Z,on_time
61440ee9-3398-41be-bd29-78af00970539,S099,HW1,1,2026-01-30T23:10:50Z,2026-01-30T23:59:00Z,on_time
7ea65eda-6c8d-4fcc-81f1-56000ed9a887,S099,HW2,1,2026-02-16T10:36:17Z,2026-02-17T23:59:00Z,on_time
5f7e7ca4-6278-4438-8a40-9ed6b1bf2a42,S099,HW3,1,2026-03-06T16:48:26Z,2026-03-07T23:59:00Z,on_time
ce5a1811-2f55-450b-9111-049de3020a49,S099,HW4,1,2026-03-25T03:40:04Z,2026-03-25T23:59:00Z,on_time
1fd20ecf-08ed-4b34-923f-aef41286dc69,S099,HW5,1,2026-04-12T12:08:35Z,2026-04-12T23:59:00Z,on_time
1e1255dd-21a6-4170-8a74-733d7a95526c,S100,HW1,1,2026-01-31T13:24:13Z,2026-01-30T23:59:00Z,late
76e9eaff-baa8-4a14-8b74-bee0d6d68c9b,S100,HW2,1,2026-02-18T02:02:30Z,2026-02-17T23:59:00Z,late
09856e81-a203-4490-aa3f-e2f6ca7ae105,S100,HW2,2,2026-02-15T13:30:34Z,2026-02-17T23:59:00Z,on_time
10f917f2-67fa-46fd-b4f1-1c42beffb1ce,S100,HW3,1,2026-03-08T04:52:54Z,2026-03-07T23:59:00Z,late
4f653a4c-8c2a-4f2b-ad9b-bc1f250f29a1,S100,HW3,2,2026-03-07T12:53:12Z,2026-03-07T23:59:00Z,on_time
3d35dc81-af25-43e0-ad39-cc0832ca3d84,S100,HW4,1,2026-03-23T21:07:02Z,2026-03-25T23:59:00Z,on_time
bafb040c-59ea-46b0-abc7-39fa527b87ba,S100,HW5,1,2026-04-10T23:31:23Z,2026-04-12T23:59:00Z,on_time
6e59d290-e5e3-408f-b156-6f20aac4ce52,S100,HW5,2,2026-04-13T16:35:40Z,2026-04-12T23:59:00Z,late
